Country,Year,Life_Expectancy,Expected_Schooling,Mean_Schooling,GNI_Per_Capita,HDI
Alandia,2003,79.3,16.9,12.5,,0.913
Alandia,2004,79.5,17.0,12.5,52744.0,0.917
Alandia,2005,79.5,16.9,12.5,53724.8,0.917
Alandia,2006,79.6,17.0,12.6,54740.9,0.92
Alandia,2007,79.7,17.0,12.6,55775.2,0.922
Alandia,2008,79.8,17.1,12.7,56825.9,0.925
Alandia,2009,79.8,17.1,12.7,57883.3,0.925
Alandia,2010,80.3,17.3,12.8,59013.4,0.932
Alandia,2011,80.4,17.3,12.8,60127.3,0.935
Alandia,2012,80.3,17.3,12.8,61240.1,0.934
Alandia,2013,80.5,17.4,12.9,62408.9,0.938
Alandia,2014,80.6,17.4,12.9,63585.4,0.941
Alandia,2015,80.8,17.5,13.0,,0.943
Alandia,2016,80.7,17.5,13.0,65998.0,0.944
Alandia,2017,81.0,17.6,13.1,67260.9,0.949
Alandia,2018,81.3,17.7,13.1,68544.5,0.953
Alandia,2019,81.6,17.9,13.2,69859.5,0.958
Alandia,2020,81.5,17.8,13.2,71157.8,0.958
Alandia,2021,81.6,17.9,13.3,72499.9,0.96
Alandia,2022,81.7,17.9,13.3,73863.8,0.962
Belgique,2003,78.0,14.2,12.9,63859.8,0.895
Belgique,2004,78.4,14.3,13.0,66133.1,0.901
Belgique,2005,78.3,14.3,13.0,68442.3,0.903
Belgique,2006,78.4,14.3,13.0,70841.7,0.905
Belgique,2007,78.7,14.5,13.1,73355.2,0.911
Belgique,2008,78.7,14.4,13.1,75000.0,0.911
Belgique,2009,79.0,14.6,13.2,75000.0,0.915
Belgique,2010,79.0,,13.2,75000.0,0.914
Belgique,2011,79.2,14.6,13.2,75000.0,0.917
Belgique,2012,79.5,14.7,13.3,75000.0,0.921
Belgique,2013,79.7,14.8,13.4,75000.0,0.924
Belgique,2014,79.8,14.9,13.4,75000.0,0.925
Belgique,2015,79.9,14.9,13.5,75000.0,0.927
Belgique,2016,80.1,15.0,13.5,75000.0,0.928
Belgique,2017,80.1,15.0,13.5,75000.0,0.929
Belgique,2018,80.4,15.1,13.6,75000.0,0.932
Belgique,2019,80.6,15.1,13.7,75000.0,0.934
Belgique,2020,80.9,15.3,13.7,75000.0,0.938
Belgique,2021,81.0,15.3,13.8,75000.0,0.939
Belgique,2022,80.9,15.2,13.8,,0.938
Canada,2003,77.9,16.4,11.2,64573.1,0.897
Canada,2004,78.1,16.5,11.2,66791.2,0.901
Canada,2005,78.2,16.6,11.3,69082.3,0.904
Canada,2006,78.3,16.6,11.3,71450.6,0.907
Canada,2007,78.4,16.6,11.3,73891.9,0.909
Canada,2008,78.5,16.6,,75000.0,0.911
Canada,2009,78.5,16.6,11.4,75000.0,0.911
Canada,2010,78.9,16.8,11.5,75000.0,0.917
Canada,2011,78.9,16.8,11.5,75000.0,0.917
Canada,2012,79.1,16.8,11.5,75000.0,0.918
Canada,2013,79.4,17.0,11.6,75000.0,0.922
Canada,2014,79.3,16.9,11.6,75000.0,0.921
Canada,2015,79.6,17.1,11.7,75000.0,0.925
Canada,2016,79.7,17.1,11.7,75000.0,0.926
Canada,2017,79.7,17.1,11.7,75000.0,0.926
Canada,2018,79.9,17.2,11.8,75000.0,0.929
Canada,2019,80.2,17.3,11.8,75000.0,0.932
Canada,2020,80.3,17.3,11.9,75000.0,0.933
Canada,2021,80.5,17.4,11.9,75000.0,0.936
Canada,2022,80.5,17.4,11.9,75000.0,0.936
Danemark,2003,80.0,15.6,11.9,32839.7,0.874
Danemark,2004,79.9,15.6,11.9,33400.1,0.875
Danemark,2005,80.2,15.8,12.0,34009.2,0.881
Danemark,2006,80.3,15.9,12.1,34616.9,0.885
Danemark,2007,80.5,16.1,12.3,35240.7,0.89
Danemark,2008,80.4,16.1,12.3,35844.1,0.891
Danemark,2009,80.5,16.2,12.4,36475.7,0.895
Danemark,2010,80.7,16.3,12.5,37124.4,0.899
Danemark,2011,80.9,16.5,12.6,37795.6,0.904
Danemark,2012,81.0,16.6,12.7,38458.5,0.907
Danemark,2013,81.0,16.7,12.8,,0.909
Danemark,2014,81.2,16.8,12.9,39833.5,0.914
Danemark,2015,81.2,16.9,12.9,40534.2,0.917
Danemark,2016,81.4,17.1,13.1,41260.2,0.922
Danemark,2017,81.4,17.1,13.1,41973.5,0.923
Danemark,2018,81.5,17.3,13.2,42720.2,0.927
Danemark,2019,81.6,17.4,13.3,43475.7,0.93
Danemark,2020,81.6,17.4,13.4,44234.4,0.933
Danemark,2021,81.9,17.6,13.5,45035.1,0.938
Danemark,2022,82.0,17.7,13.6,45831.7,0.942
Estonia,2003,77.1,15.5,11.8,39331.7,0.868
Estonia,2004,77.0,15.6,11.9,,0.87
Estonia,2005,77.3,15.8,12.0,40748.5,0.876
Estonia,2006,77.7,16.0,12.2,41505.4,0.883
Estonia,2007,77.7,16.1,12.3,42237.9,0.886
Estonia,2008,77.7,16.2,,42981.5,0.888
Estonia,2009,77.9,16.3,12.5,43761.3,0.893
Estonia,2010,78.1,16.5,12.6,44549.9,0.898
Estonia,2011,78.4,16.7,12.8,45362.8,0.904
Estonia,2012,78.5,16.8,12.9,46173.8,0.907
Estonia,2013,78.7,16.9,13.0,47002.6,0.912
Estonia,2014,78.9,,13.1,47855.2,0.917
Estonia,2015,79.1,17.3,13.2,48721.2,0.922
Estonia,2016,79.2,17.4,13.3,49590.5,0.925
Estonia,2017,79.3,17.5,13.4,50479.9,0.929
Estonia,2018,,17.7,13.6,51390.0,0.934
Estonia,2019,79.8,17.9,13.7,52322.5,0.939
Estonia,2020,79.9,18.0,13.8,53260.6,0.943
Estonia,2021,80.1,18.0,13.9,54226.9,0.947
Estonia,2022,80.1,18.0,14.0,55183.5,0.948
Finland,2003,81.5,14.7,12.4,44126.9,0.894
Finland,2004,,14.8,12.5,45490.9,0.899
Finland,2005,82.0,14.9,12.6,,0.905
Finland,2006,82.2,15.0,12.7,48338.0,0.909
Finland,2007,82.3,15.0,12.7,49816.9,0.912
Finland,2008,82.7,15.2,12.9,51368.3,0.919
Finland,2009,82.8,15.3,12.9,52939.5,0.922
Finland,2010,83.2,15.5,13.0,54586.1,0.928
Finland,2011,83.3,15.5,13.1,56253.7,
Finland,2012,83.8,15.7,13.2,58011.8,0.939
Finland,2013,83.8,15.7,13.3,59775.2,0.941
Finland,2014,84.0,15.8,13.4,61621.5,0.946
Finland,2015,84.4,16.0,13.5,63531.4,0.952
Finland,2016,84.4,16.0,13.5,65468.0,0.954
Finland,2017,84.8,16.2,13.6,67499.8,0.96
Finland,2018,85.0,16.3,13.7,69590.1,0.966
Finland,2019,85.0,16.3,13.7,71704.4,0.967
Finland,2020,85.0,16.5,13.9,73931.9,0.972
Finland,2021,85.0,16.6,14.0,75000.0,0.975
Finland,2022,85.0,16.7,14.1,75000.0,0.977
Germany,2003,79.1,15.1,12.5,61606.9,0.902
Germany,2004,79.4,15.2,12.6,63903.4,0.908
Germany,2005,79.6,15.3,12.6,66272.1,0.913
Germany,2006,79.7,15.3,,68721.9,0.916
Germany,2007,80.2,15.6,12.8,71299.9,0.924
Germany,2008,80.4,15.7,12.9,73953.0,0.93
Germany,2009,80.6,15.8,13.0,75000.0,0.934
Germany,2010,80.7,15.8,13.1,75000.0,0.935
Germany,2011,81.0,15.9,13.2,75000.0,0.939
Germany,2012,81.2,16.0,13.2,75000.0,0.942
Germany,2013,81.7,,13.4,75000.0,0.948
Germany,2014,82.0,16.4,13.5,75000.0,0.952
Germany,2015,82.1,16.4,13.6,75000.0,0.954
Germany,2016,82.5,16.6,13.7,75000.0,0.958
Germany,2017,82.5,16.6,13.7,75000.0,0.959
Germany,2018,82.9,16.8,13.8,75000.0,0.964
Germany,2019,83.0,16.8,13.9,,0.966
Germany,2020,83.3,17.0,14.0,75000.0,0.97
Germany,2021,83.7,17.1,,75000.0,0.976
Germany,2022,83.9,17.2,14.2,75000.0,0.978
Honshu,2003,80.7,16.3,12.0,51027.1,0.909
Honshu,2004,,16.5,12.1,52436.6,0.915
Honshu,2005,81.0,16.6,12.2,53861.7,0.918
Honshu,2006,81.3,16.8,12.3,55342.2,0.924
Honshu,2007,81.4,16.9,,56851.2,0.928
Honshu,2008,81.5,17.0,12.5,58398.3,0.932
Honshu,2009,81.5,17.1,12.6,59985.7,0.935
Honshu,2010,81.6,17.2,12.7,61617.6,0.938
Honshu,2011,81.9,17.3,12.8,63311.7,0.944
Honshu,2012,,17.5,12.9,65054.0,0.95
Honshu,2013,82.2,17.6,13.0,66824.2,0.954
Honshu,2014,82.2,17.7,13.0,68634.7,0.956
Honshu,2015,82.5,17.9,13.2,70523.8,0.962
Honshu,2016,82.6,18.0,13.3,72452.1,0.967
Honshu,2017,82.6,18.0,13.4,74418.2,0.969
Honshu,2018,82.9,18.0,13.5,75000.0,0.972
Honshu,2019,83.0,18.0,13.6,75000.0,0.974
Honshu,2020,83.0,18.0,13.6,75000.0,0.975
Honshu,2021,83.3,18.0,13.8,75000.0,0.978
Honshu,2022,83.5,18.0,13.9,75000.0,0.98
Iceland,2003,81.2,16.1,11.7,41688.8,0.896
Iceland,2004,81.5,16.3,11.9,43166.1,0.903
Iceland,2005,81.8,16.5,12.0,44692.4,0.909
Iceland,2006,82.0,16.5,12.0,,0.913
Iceland,2007,82.4,16.7,12.2,47895.1,0.92
Iceland,2008,82.6,16.8,12.3,49578.8,0.925
Iceland,2009,82.8,16.9,12.4,51317.7,0.93
Iceland,2010,83.0,17.1,12.5,53125.2,0.935
Iceland,2011,83.2,17.1,12.6,54983.7,0.939
Iceland,2012,83.4,17.3,12.7,56917.9,0.945
Iceland,2013,83.8,17.5,12.8,58940.5,0.952
Iceland,2014,84.0,17.6,12.9,61007.0,0.957
Iceland,2015,84.3,17.7,13.0,63165.0,0.963
Iceland,2016,84.5,17.9,13.1,65385.6,0.968
Iceland,2017,84.7,17.9,13.2,67677.0,0.972
Iceland,2018,85.0,18.0,13.4,70083.7,0.978
Iceland,2019,85.0,18.0,13.5,72545.2,0.981
Iceland,2020,85.0,18.0,13.6,75000.0,0.984
Iceland,2021,85.0,18.0,13.7,75000.0,0.985
Iceland,2022,85.0,18.0,13.8,75000.0,0.986
Japan,2003,80.3,16.4,11.5,52576.8,0.903
Japan,2004,80.3,16.4,11.5,53462.2,0.905
Japan,2005,80.2,16.4,11.5,54351.5,0.905
Japan,2006,80.5,16.6,11.7,55305.2,0.911
Japan,2007,80.5,16.7,11.7,56244.3,0.913
Japan,2008,80.8,16.9,11.9,57223.2,0.918
Japan,2009,80.7,16.9,11.9,,0.92
Japan,2010,80.9,17.0,12.0,59190.9,0.924
Japan,2011,81.1,17.2,12.1,60211.3,0.928
Japan,2012,81.2,17.3,12.2,61246.5,0.932
Japan,2013,81.1,17.3,12.2,62275.0,0.933
Japan,2014,,17.4,12.3,63350.9,0.937
Japan,2015,81.4,17.5,12.4,64435.0,0.94
Japan,2016,81.5,,12.5,65537.3,0.943
Japan,2017,81.9,17.8,12.6,66684.5,0.95
Japan,2018,,17.9,12.7,67813.1,0.951
Japan,2019,81.8,17.9,12.7,68958.3,0.953
Japan,2020,82.1,18.0,12.9,70161.8,0.958
Japan,2021,82.3,18.0,13.0,71375.8,0.961
Japan,2022,82.3,18.0,13.0,72587.5,0.962
Krypton,2003,79.5,14.7,11.7,57006.5,0.888
Krypton,2004,79.8,14.9,11.8,57903.3,0.894
Krypton,2005,79.8,14.9,11.8,58773.5,0.894
Krypton,2006,79.8,14.9,11.8,59667.1,0.895
Krypton,2007,79.9,14.9,11.9,60580.1,0.897
Krypton,2008,80.1,15.0,11.9,61522.7,0.901
Krypton,2009,80.1,15.0,11.9,62448.8,0.901
Krypton,2010,80.3,15.1,12.0,63415.2,0.904
Krypton,2011,80.7,15.3,12.1,64417.9,0.91
Krypton,2012,80.8,15.3,12.1,65404.9,0.912
Krypton,2013,80.7,15.3,12.1,66394.8,0.913
Krypton,2014,80.8,15.3,12.2,67411.3,0.915
Krypton,2015,81.0,15.4,12.2,68452.0,0.918
Krypton,2016,81.4,15.6,12.3,69526.3,0.923
Krypton,2017,81.3,15.5,12.3,70574.4,0.923
Krypton,2018,81.5,15.6,12.4,71663.4,0.926
Krypton,2019,81.5,15.6,12.4,72752.9,0.927
Krypton,2020,81.6,15.7,12.5,73873.1,0.93
Krypton,2021,81.8,15.8,12.5,75000.0,0.933
Krypton,2022,81.9,15.8,12.5,75000.0,0.934
Luxembourg,2003,80.5,15.2,12.3,47125.2,0.896
Luxembourg,2004,80.7,15.2,12.3,48465.7,0.899
Luxembourg,2005,81.0,15.3,12.4,49858.1,0.904
Luxembourg,2006,81.3,15.4,12.5,51283.3,0.909
Luxembourg,2007,81.5,15.5,12.6,52751.2,0.913
Luxembourg,2008,82.0,15.7,12.7,54276.6,0.919
Luxembourg,2009,82.2,15.7,12.7,55826.0,0.923
Luxembourg,2010,82.4,15.8,12.8,57414.2,0.926
Luxembourg,2011,82.8,15.9,12.9,59074.7,0.933
Luxembourg,2012,83.1,16.0,12.9,60760.5,
Luxembourg,2013,83.4,16.1,13.0,62505.6,0.942
Luxembourg,2014,83.7,16.2,13.1,64293.8,0.946
Luxembourg,2015,83.8,16.2,13.1,66120.4,0.949
Luxembourg,2016,84.1,16.3,13.2,68017.0,0.954
Luxembourg,2017,84.6,16.4,13.3,69978.3,0.96
Luxembourg,2018,84.8,16.5,13.4,71980.9,0.964
Luxembourg,2019,85.0,16.6,13.4,74036.0,0.968
Luxembourg,2020,85.0,16.7,13.5,75000.0,0.97
Luxembourg,2021,85.0,16.8,13.6,75000.0,0.973
Luxembourg,2022,85.0,16.8,13.6,75000.0,0.973
Netherlands,2003,79.0,16.8,12.7,46156.9,0.908
Netherlands,2004,79.4,16.9,12.8,47724.9,0.914
Netherlands,2005,79.5,16.9,12.8,49321.8,0.916
Netherlands,2006,79.9,17.0,12.9,51002.4,0.922
Netherlands,2007,80.0,17.0,12.9,52712.6,0.924
Netherlands,2008,80.4,17.1,13.0,54503.8,0.93
Netherlands,2009,80.5,17.1,13.0,56333.0,0.932
Netherlands,2010,80.7,17.2,13.0,58232.1,0.936
Netherlands,2011,81.2,17.4,13.2,60224.2,0.943
Netherlands,2012,81.4,17.4,13.2,62249.0,0.946
Netherlands,2013,81.4,17.3,13.2,64322.3,0.946
Netherlands,2014,81.8,,13.2,66508.6,0.952
Netherlands,2015,82.2,17.6,13.3,68771.4,0.958
Netherlands,2016,82.2,17.5,13.3,71069.5,0.959
Netherlands,2017,82.6,17.7,13.4,73489.7,0.966
Netherlands,2018,82.9,17.7,13.5,75000.0,0.969
Netherlands,2019,83.0,17.7,13.5,75000.0,0.97
Netherlands,2020,83.3,,13.5,75000.0,0.973
Netherlands,2021,83.4,17.8,13.5,75000.0,0.973
Netherlands,2022,84.0,,13.7,75000.0,0.98
Norway,2003,82.4,15.1,11.2,36721.2,0.879
Norway,2004,82.5,15.1,11.3,37963.5,0.882
Norway,2005,82.7,15.1,11.3,39256.2,0.886
Norway,2006,83.0,15.2,11.4,40599.6,0.891
Norway,2007,83.1,15.2,11.4,41964.6,0.892
Norway,2008,83.3,15.3,11.4,43393.9,0.896
Norway,2009,83.6,15.4,11.5,44878.3,0.901
Norway,2010,83.9,15.5,11.6,46411.2,0.906
Norway,2011,84.1,15.5,,47996.2,0.91
Norway,2012,84.5,15.7,11.7,49641.4,0.916
Norway,2013,84.6,15.7,11.7,51324.4,0.919
Norway,2014,84.8,15.7,11.8,53060.9,0.921
Norway,2015,85.0,15.8,11.8,54868.5,0.925
Norway,2016,85.0,15.8,11.8,56726.2,0.927
Norway,2017,85.0,15.9,11.9,58667.3,0.931
Norway,2018,85.0,15.9,11.9,60661.5,0.934
Norway,2019,85.0,16.0,12.0,62732.5,0.937
Norway,2020,85.0,16.0,12.0,64856.1,0.939
Norway,2021,85.0,16.2,12.1,67077.4,0.943
Norway,2022,85.0,16.3,12.2,69370.6,0.947
Oman,2003,82.8,15.1,11.6,60664.5,0.91
Oman,2004,83.2,15.2,11.6,61922.7,0.915
Oman,2005,83.4,15.3,11.7,63192.3,0.917
Oman,2006,83.7,15.3,11.7,64489.2,0.92
Oman,2007,84.2,15.4,11.8,65839.2,0.927
Oman,2008,84.3,15.4,11.8,67175.7,0.928
Oman,2009,84.5,15.4,11.8,68550.3,0.93
Oman,2010,85.0,15.6,11.9,69984.8,0.936
Oman,2011,85.0,15.6,11.9,71418.8,0.938
Oman,2012,85.0,15.7,12.0,72895.2,0.94
Oman,2013,85.0,15.6,12.0,,0.941
Oman,2014,85.0,15.7,12.0,75000.0,0.943
Oman,2015,85.0,15.7,12.0,75000.0,0.942
Oman,2016,85.0,15.8,12.1,75000.0,0.945
Oman,2017,85.0,15.8,12.1,75000.0,0.945
Oman,2018,85.0,15.8,12.2,75000.0,0.945
Oman,2019,85.0,16.0,12.3,75000.0,0.948
Oman,2020,,,12.2,,0.947
Oman,2021,85.0,16.0,12.3,75000.0,0.948
Oman,2022,85.0,16.1,12.4,75000.0,0.951
Portugal,2003,81.8,16.0,11.3,62047.4,0.911
Portugal,2004,82.4,16.3,,64286.0,0.921
Portugal,2005,82.6,16.4,11.6,66565.1,0.926
Portugal,2006,82.7,16.4,11.6,68915.4,0.929
Portugal,2007,82.9,,11.7,71354.0,0.933
Portugal,2008,83.5,16.7,11.8,,0.943
Portugal,2009,83.6,16.8,11.9,75000.0,0.945
Portugal,2010,84.0,17.0,12.0,75000.0,0.951
Portugal,2011,84.0,17.0,12.1,75000.0,0.951
Portugal,2012,84.4,17.1,12.2,,0.956
Portugal,2013,84.8,17.3,12.3,75000.0,0.961
Portugal,2014,85.0,17.4,,75000.0,0.964
Portugal,2015,85.0,17.5,12.5,75000.0,0.966
Portugal,2016,85.0,17.7,12.6,75000.0,0.97
Portugal,2017,85.0,17.7,12.7,75000.0,0.971
Portugal,2018,85.0,17.9,12.8,75000.0,0.974
Portugal,2019,85.0,18.0,12.9,75000.0,0.976
Portugal,2020,85.0,18.0,13.0,75000.0,0.977
Portugal,2021,85.0,18.0,13.1,75000.0,0.979
Portugal,2022,85.0,18.0,13.2,75000.0,0.979
Qatar,2003,80.7,15.1,11.2,54163.6,0.89
Qatar,2004,81.1,15.2,11.3,55690.4,0.896
Qatar,2005,81.3,15.3,11.4,57248.6,0.9
Qatar,2006,81.5,15.4,11.5,58843.1,0.904
Qatar,2007,81.6,15.4,11.5,60479.2,0.907
Qatar,2008,82.0,15.6,11.6,62180.9,0.912
Qatar,2009,82.4,15.8,11.8,63940.1,0.919
Qatar,2010,82.6,15.8,11.8,65724.4,0.923
Qatar,2011,82.7,15.9,11.9,67551.8,0.926
Qatar,2012,83.0,16.0,12.0,69444.8,0.931
Qatar,2013,83.1,16.0,12.0,71376.0,0.934
Qatar,2014,83.7,16.3,12.2,73407.3,0.942
Qatar,2015,83.9,16.3,12.2,,0.946
Qatar,2016,84.0,16.4,12.3,75000.0,0.948
Qatar,2017,84.3,16.5,12.4,75000.0,0.952
Qatar,2018,84.3,16.5,12.4,75000.0,0.952
Qatar,2019,84.7,16.7,12.5,75000.0,0.957
Qatar,2020,85.0,16.9,12.6,75000.0,0.962
Qatar,2021,85.0,17.0,12.7,75000.0,0.964
Qatar,2022,85.0,17.0,12.8,75000.0,0.965
Sweden,2003,82.5,14.3,12.8,48219.2,0.905
Sweden,2004,82.9,,13.0,49274.0,0.912
Sweden,2005,83.0,14.7,13.1,50319.1,0.915
Sweden,2006,83.3,14.9,13.2,51418.8,0.923
Sweden,2007,83.5,15.1,13.3,52518.8,0.927
Sweden,2008,83.6,15.1,13.4,53632.5,0.93
Sweden,2009,83.8,15.3,13.6,54787.7,0.936
Sweden,2010,83.9,15.4,13.7,55957.9,0.94
Sweden,2011,,15.6,13.8,57168.8,0.946
Sweden,2012,84.5,15.8,13.9,58405.6,0.952
Sweden,2013,84.5,15.9,14.0,59639.1,0.955
Sweden,2014,84.9,16.1,14.2,60933.8,0.961
Sweden,2015,84.9,16.2,14.3,62230.8,0.965
Sweden,2016,85.0,16.3,14.4,63563.5,0.969
Sweden,2017,85.0,16.5,14.5,,0.973
Sweden,2018,85.0,16.6,14.6,66318.3,0.976
Sweden,2019,85.0,16.8,14.7,67746.3,0.98
Sweden,2020,85.0,16.9,14.8,69193.6,0.984
Sweden,2021,85.0,17.2,15.0,70710.1,0.99
Sweden,2022,85.0,17.3,15.0,72207.5,0.991
Switzerland,2003,77.3,16.4,12.3,34706.6,0.877
Switzerland,2004,77.5,16.4,12.3,35970.1,0.88
Switzerland,2005,77.7,16.5,12.3,37294.3,0.884
Switzerland,2006,78.1,16.6,12.4,38681.6,0.89
Switzerland,2007,78.3,16.6,12.4,40095.2,0.892
Switzerland,2008,78.5,16.6,12.4,41565.6,0.896
Switzerland,2009,79.2,16.9,12.6,43133.4,0.905
Switzerland,2010,79.2,16.8,12.6,44694.6,0.906
Switzerland,2011,79.4,16.8,12.6,46338.1,0.909
Switzerland,2012,79.6,16.8,12.6,48029.8,0.912
Switzerland,2013,80.2,17.0,12.7,49830.4,0.92
Switzerland,2014,80.3,17.0,12.7,51647.4,0.922
Switzerland,2015,80.6,17.1,12.8,53560.6,0.927
Switzerland,2016,81.0,17.2,12.9,55543.2,0.933
Switzerland,2017,81.1,17.1,12.9,57569.6,0.935
Switzerland,2018,81.5,17.2,12.9,59701.3,0.94
Switzerland,2019,81.9,17.4,13.0,61915.1,0.946
Switzerland,2020,81.8,17.2,13.0,64155.6,0.946
Switzerland,2021,82.3,17.4,13.0,66536.4,0.952
Switzerland,2022,82.5,17.4,13.1,68987.0,0.956
United Kingdom,2003,79.4,14.1,11.7,38994.7,0.864
United Kingdom,2004,79.5,14.2,11.8,39890.4,0.867
United Kingdom,2005,79.5,14.3,11.9,40806.3,0.871
United Kingdom,2006,79.8,14.6,12.0,41767.3,0.877
United Kingdom,2007,79.8,14.6,12.1,42721.4,0.88
United Kingdom,2008,79.8,14.7,12.2,43702.6,0.883
United Kingdom,2009,80.2,15.0,12.3,44740.0,0.89
United Kingdom,2010,80.2,15.1,12.4,45767.2,0.894
United Kingdom,2011,80.2,15.1,12.5,46812.6,0.896
United Kingdom,2012,80.4,15.3,12.6,47906.7,0.902
United Kingdom,2013,80.4,15.4,12.7,49010.8,0.905
United Kingdom,2014,80.5,15.5,12.8,50142.3,0.909
United Kingdom,2015,80.8,15.8,13.0,51328.4,0.916
United Kingdom,2016,81.1,16.0,13.1,52528.2,0.922
United Kingdom,2017,80.9,15.9,13.2,53712.7,0.922
United Kingdom,2018,81.2,16.2,13.3,54978.1,0.929
United Kingdom,2019,81.2,16.3,13.4,,0.932
United Kingdom,2020,81.3,16.4,13.5,57546.5,0.936
United Kingdom,2021,81.4,16.5,13.6,58879.9,0.941
United Kingdom,2022,81.5,16.7,13.7,60242.6,0.945
United States,2003,78.1,16.7,11.2,49312.8,0.888
United States,2004,78.3,16.7,11.2,50553.6,0.891
United States,2005,78.7,16.8,11.3,51833.8,0.896
United States,2006,79.0,16.9,11.3,53143.4,0.899
United States,2007,79.2,16.9,11.3,54475.8,0.902
United States,2008,79.5,17.0,11.4,55853.9,0.906
United States,2009,79.9,17.1,11.5,57275.5,0.911
United States,2010,80.1,17.1,11.5,58719.0,0.915
United States,2011,80.6,17.3,11.6,60220.5,0.921
United States,2012,80.9,17.3,11.6,61736.9,0.924
United States,2013,81.1,17.3,11.7,63289.1,0.927
United States,2014,81.2,17.3,11.7,64870.6,0.929
United States,2015,81.5,17.4,11.7,66511.4,0.933
United States,2016,81.8,17.4,11.8,68187.2,0.937
United States,2017,82.2,17.6,11.9,69922.7,0.942
United States,2018,82.2,17.5,11.8,71658.7,0.942
United States,2019,82.7,17.6,11.9,73492.3,0.949
United States,2020,83.0,17.7,12.0,75000.0,0.953
United States,2021,83.2,17.7,12.0,75000.0,0.954
United States,2022,83.8,17.9,12.1,75000.0,0.96
Singapore,2003,80.6,14.5,12.0,49585.5,0.889
Singapore,2004,80.6,14.5,12.0,50377.5,0.889
Singapore,2005,80.9,14.6,12.1,51212.7,0.894
Singapore,2006,80.9,14.6,12.1,52027.4,0.894
Singapore,2007,81.2,14.7,12.2,52892.0,0.899
Singapore,2008,81.5,14.9,12.3,53763.0,0.903
Singapore,2009,81.2,14.7,12.2,54599.7,0.901
Singapore,2010,81.6,14.9,12.3,55506.6,0.906
Singapore,2011,81.9,15.0,12.4,56425.0,0.911
Singapore,2012,82.0,15.0,,57336.6,0.913
Singapore,2013,82.2,15.1,12.5,58276.7,0.916
Singapore,2014,82.3,15.1,12.5,59216.5,0.918
Singapore,2015,82.5,,12.6,60188.5,0.922
Singapore,2016,82.6,15.3,12.6,61166.9,0.924
Singapore,2017,82.9,15.4,12.7,62176.9,0.929
Singapore,2018,83.0,15.4,12.7,63180.7,0.93
Singapore,2019,83.2,15.5,12.8,64211.1,0.933
Singapore,2020,83.3,15.5,12.8,65249.9,0.935
Singapore,2021,83.5,15.6,12.9,66312.5,0.938
Singapore,2022,83.6,15.6,12.9,67393.7,0.941
Australia,2003,78.0,16.4,12.3,49258.7,0.898
Australia,2004,78.4,16.6,12.4,50455.0,0.904
Australia,2005,78.5,16.6,12.5,51644.4,0.906
Australia,2006,78.6,16.6,12.5,52866.9,0.908
Australia,2007,79.2,16.9,12.6,54167.5,0.917
Australia,2008,79.3,16.8,12.7,55446.8,0.918
Australia,2009,79.5,16.9,12.7,56768.7,0.922
Australia,2010,79.9,17.1,12.8,58145.8,0.928
Australia,2011,80.2,17.1,12.9,59537.1,0.932
Australia,2012,80.5,17.3,13.0,60974.9,0.938
Australia,2013,80.8,17.4,13.1,62437.0,0.942
Australia,2014,81.0,17.4,13.1,63925.5,0.945
Australia,2015,81.2,17.5,13.2,65448.0,0.948
Australia,2016,81.6,17.6,13.3,67028.8,0.954
Australia,2017,81.9,17.7,13.3,68634.2,0.958
Australia,2018,82.2,17.8,13.4,70283.5,0.963
Australia,2019,82.3,17.8,13.5,71953.6,0.965
Australia,2020,82.6,17.9,13.5,73683.4,0.97
Australia,2021,83.0,18.0,13.6,75000.0,0.974
Australia,2022,83.3,18.0,13.7,75000.0,0.977
New Zealand,2003,80.2,16.7,12.6,37006.0,0.901
New Zealand,2004,80.3,16.8,12.7,37844.0,0.904
New Zealand,2005,80.5,17.0,12.8,38716.2,0.909
New Zealand,2006,80.7,17.1,12.9,39597.1,0.913
New Zealand,2007,80.9,17.2,13.0,40506.6,0.919
New Zealand,2008,80.9,17.3,13.1,41414.2,0.921
New Zealand,2009,81.1,17.4,13.2,42360.6,0.925
New Zealand,2010,81.2,17.5,13.2,43319.1,0.929
New Zealand,2011,81.4,17.7,13.4,44312.1,0.933
New Zealand,2012,81.6,17.8,13.5,45330.4,0.939
New Zealand,2013,81.8,18.0,13.6,46367.3,0.943
New Zealand,2014,81.8,18.0,13.6,47407.2,0.945
New Zealand,2015,82.1,18.0,,48505.9,0.95
New Zealand,2016,82.3,18.0,13.9,49616.2,0.953
New Zealand,2017,82.3,18.0,14.0,50737.3,0.955
New Zealand,2018,82.6,18.0,14.1,51908.3,0.959
New Zealand,2019,82.5,18.0,14.2,53064.6,0.96
New Zealand,2020,82.6,18.0,14.2,54269.5,0.963
New Zealand,2021,82.7,18.0,14.3,55501.4,0.966
New Zealand,2022,83.2,18.0,14.5,56799.6,0.971
Ireland,2003,80.0,16.9,11.4,51363.4,0.904
Ireland,2004,80.1,16.9,11.4,52771.0,
Ireland,2005,80.2,17.0,11.4,54226.1,0.909
Ireland,2006,80.5,17.0,11.4,55727.5,0.912
Ireland,2007,80.7,17.1,11.5,57266.2,0.915
Ireland,2008,80.8,17.0,11.5,58835.5,0.917
Ireland,2009,81.0,17.1,11.5,60460.4,0.92
Ireland,2010,81.5,17.3,11.6,62164.6,0.928
Ireland,2011,81.6,17.3,11.6,63865.7,0.929
Ireland,2012,81.8,17.3,11.7,65630.6,0.932
Ireland,2013,82.0,17.4,11.7,67443.1,0.936
Ireland,2014,82.3,17.5,11.8,69316.5,0.94
Ireland,2015,82.7,17.6,11.9,71250.3,0.946
Ireland,2016,82.7,17.5,11.9,73199.3,0.947
Ireland,2017,82.8,17.5,11.9,75000.0,0.949
Ireland,2018,83.1,17.6,11.9,75000.0,0.951
Ireland,2019,83.4,17.7,12.0,75000.0,0.955
Ireland,2020,83.5,17.7,12.0,75000.0,0.955
Ireland,2021,83.9,17.8,12.1,,0.959
Ireland,2022,83.8,17.7,12.0,75000.0,0.957
Austria,2003,82.5,15.0,11.7,56335.1,0.905
Austria,2004,82.6,15.1,11.8,57816.8,0.909
Austria,2005,82.5,15.1,11.8,59313.5,0.91
Austria,2006,82.9,15.3,11.9,60900.9,0.917
Austria,2007,,15.4,12.0,62501.2,0.921
Austria,2008,83.3,15.6,12.1,64154.7,0.926
Austria,2009,83.6,15.7,12.2,65853.6,0.931
Austria,2010,83.6,15.8,12.3,67578.2,0.934
Austria,2011,83.7,15.8,12.3,69341.6,0.936
Austria,2012,83.7,15.8,12.4,71157.4,0.939
Austria,2013,84.2,16.1,12.5,73066.3,0.948
Austria,2014,84.1,16.1,12.5,74962.5,0.948
Austria,2015,84.3,16.2,12.6,75000.0,0.951
Austria,2016,84.4,16.3,12.7,,0.953
Austria,2017,84.6,16.4,12.8,,0.956
Austria,2018,84.7,16.5,,75000.0,0.959
Austria,2019,84.8,16.5,12.9,75000.0,0.961
Austria,2020,84.9,16.6,13.0,,0.963
Austria,2021,85.0,16.8,13.1,75000.0,0.966
Austria,2022,85.0,16.8,13.1,75000.0,0.967
Argentina,2003,74.3,12.1,10.4,19787.6,0.77
Argentina,2004,74.6,12.3,10.5,20357.9,0.775
Argentina,2005,74.8,12.4,10.6,20931.0,0.78
Argentina,2006,74.9,,10.6,21513.8,0.783
Argentina,2007,75.1,12.5,10.7,22119.7,0.787
Argentina,2008,75.4,12.6,10.8,22748.3,0.792
Argentina,2009,75.6,12.7,10.9,23390.6,0.797
Argentina,2010,75.6,12.7,10.9,24026.3,0.798
Argentina,2011,75.9,12.9,11.0,24711.7,0.803
Argentina,2012,76.1,13.0,11.1,25409.4,0.808
Argentina,2013,76.3,13.1,11.2,26129.2,0.812
Argentina,2014,76.4,13.1,11.2,26851.0,0.815
Argentina,2015,76.6,13.2,11.3,27612.8,0.82
Argentina,2016,76.8,13.3,11.4,28390.2,0.824
Argentina,2017,77.0,13.4,11.4,29180.9,0.827
Argentina,2018,77.1,13.5,11.5,30001.1,0.831
Argentina,2019,77.4,13.6,11.6,30852.9,0.836
Argentina,2020,77.6,13.7,11.7,31717.9,0.84
Argentina,2021,77.8,13.8,11.7,32615.8,0.845
Argentina,2022,77.9,13.8,11.8,33516.9,0.847
Bulgaria,2003,72.3,12.2,9.1,23823.2,0.753
Bulgaria,2004,72.8,12.4,9.2,24707.5,0.76
Bulgaria,2005,73.0,12.5,9.3,25606.3,0.765
Bulgaria,2006,73.2,12.5,9.3,26528.9,0.768
Bulgaria,2007,73.5,12.6,9.4,27500.8,0.774
Bulgaria,2008,73.6,12.6,9.4,28485.7,0.777
Bulgaria,2009,74.1,12.8,9.6,29544.6,0.785
Bulgaria,2010,74.3,12.9,9.6,30608.4,0.788
Bulgaria,2011,74.5,12.9,9.7,31719.0,0.792
Bulgaria,2012,74.9,13.1,9.8,32889.2,
Bulgaria,2013,75.0,13.1,,34068.2,0.802
Bulgaria,2014,75.2,13.2,9.9,35301.3,0.806
Bulgaria,2015,75.5,13.2,9.9,36585.0,0.81
Bulgaria,2016,75.9,13.4,10.1,37938.6,0.818
Bulgaria,2017,76.0,13.4,10.1,39300.2,0.82
Bulgaria,2018,76.6,13.7,10.2,40761.2,0.829
Bulgaria,2019,76.5,13.6,10.2,,0.829
Bulgaria,2020,77.1,13.9,10.4,43780.1,0.839
Bulgaria,2021,77.2,13.9,10.4,45357.9,0.841
Bulgaria,2022,77.5,13.9,10.5,47005.5,0.846
Chile,2003,75.8,12.5,10.7,20333.0,0.786
Chile,2004,75.9,12.5,10.8,21077.1,0.789
Chile,2005,76.0,12.5,10.8,21851.4,0.792
Chile,2006,76.3,12.6,10.9,22670.2,0.797
Chile,2007,76.5,12.7,10.9,23508.7,0.801
Chile,2008,76.9,12.8,11.0,24401.4,0.807
Chile,2009,77.0,12.8,11.1,25295.8,0.81
Chile,2010,,13.0,11.2,26263.4,0.818
Chile,2011,77.9,13.2,11.3,27259.0,0.825
Chile,2012,78.0,13.2,11.4,28263.9,0.828
Chile,2013,78.1,13.3,11.4,29307.8,0.831
Chile,2014,78.5,13.4,11.5,30413.0,0.837
Chile,2015,78.9,13.5,11.6,31560.0,0.844
Chile,2016,79.1,13.6,11.7,32738.1,0.848
Chile,2017,79.1,13.6,11.7,33935.0,0.85
Chile,2018,79.5,13.8,11.8,35218.5,0.857
Chile,2019,79.7,13.8,11.9,36527.5,0.861
Chile,2020,80.1,14.0,11.9,37902.0,0.867
Chile,2021,80.3,14.0,12.0,39313.6,0.871
Chile,2022,80.3,14.0,12.0,,0.873
Croatia,2003,71.2,12.4,10.3,14232.7,0.74
Croatia,2004,71.3,12.4,10.4,14656.8,0.744
Croatia,2005,71.5,12.5,10.5,15101.9,0.748
Croatia,2006,71.8,12.7,10.6,15576.7,0.755
Croatia,2007,71.8,12.7,10.6,16024.9,0.756
Croatia,2008,72.3,13.0,10.8,16543.0,0.765
Croatia,2009,72.2,13.0,10.8,17018.4,0.766
Croatia,2010,72.3,13.0,10.8,17527.1,0.769
Croatia,2011,,13.1,10.9,18043.8,0.772
Croatia,2012,72.7,13.3,11.0,18602.4,0.778
Croatia,2013,72.7,13.3,11.0,19148.9,0.78
Croatia,2014,72.9,13.4,11.1,19732.0,0.785
Croatia,2015,73.3,13.6,11.3,20349.9,0.792
Croatia,2016,73.2,13.6,11.3,20934.7,0.792
Croatia,2017,73.5,13.7,11.4,21576.9,0.798
Croatia,2018,73.4,13.7,11.4,22207.0,0.799
Croatia,2019,73.7,,11.5,22881.8,0.804
Croatia,2020,74.0,14.0,11.6,23588.2,0.81
Croatia,2021,73.9,14.0,11.6,24273.2,0.811
Croatia,2022,74.3,14.2,11.7,25027.9,0.818
Greece,2003,72.3,14.0,10.5,23407.3,0.788
Greece,2004,72.7,14.1,10.6,23928.8,0.793
Greece,2005,73.0,14.3,10.7,24463.5,0.799
Greece,2006,73.1,14.3,10.7,24987.2,0.801
Greece,2007,73.4,,10.8,,0.806
Greece,2008,73.6,14.5,10.9,26093.7,0.81
Greece,2009,73.9,14.6,10.9,26669.2,0.814
Greece,2010,74.1,14.7,11.0,27248.1,0.818
Greece,2011,74.2,14.7,11.0,27826.8,0.82
Greece,2012,74.5,14.9,11.1,28444.5,0.825
Greece,2013,74.5,14.8,11.1,29043.0,0.826
Greece,2014,74.9,15.0,11.3,29691.3,0.831
Greece,2015,75.2,15.1,,30347.4,0.836
Greece,2016,75.3,15.2,11.4,31002.1,0.839
Greece,2017,75.6,15.3,11.5,31681.1,0.843
Greece,2018,75.7,15.3,11.5,32365.2,0.846
Greece,2019,76.1,15.5,11.6,33084.3,0.852
Greece,2020,76.2,15.5,11.7,33793.4,0.854
Greece,2021,76.4,15.6,11.7,34526.3,0.857
Greece,2022,76.7,15.7,11.8,35292.8,0.863
Hungary,2003,76.1,12.2,,16462.7,0.765
Hungary,2004,76.0,12.2,10.1,16737.5,0.766
Hungary,2005,,12.3,10.2,17046.3,0.77
Hungary,2006,76.3,12.4,10.3,17350.9,0.774
Hungary,2007,76.6,12.6,10.4,17682.4,0.78
Hungary,2008,76.6,12.7,10.5,17988.1,0.783
Hungary,2009,76.8,12.9,10.6,18320.5,
Hungary,2010,76.6,12.9,10.6,18625.2,0.788
Hungary,2011,76.9,13.1,10.8,18978.5,0.794
Hungary,2012,77.1,13.2,10.9,19326.5,0.799
Hungary,2013,77.1,13.3,10.9,19666.4,0.802
Hungary,2014,77.3,13.5,11.1,20030.5,0.807
Hungary,2015,77.3,13.5,11.1,20375.3,0.808
Hungary,2016,77.6,13.7,11.3,20761.8,0.815
Hungary,2017,77.8,13.9,11.4,21144.4,0.82
Hungary,2018,77.7,13.9,,21498.3,0.82
Hungary,2019,77.8,14.0,11.5,21884.8,0.824
Hungary,2020,78.1,14.2,11.7,22298.1,0.83
Hungary,2021,78.2,14.3,11.8,22700.8,0.834
Hungary,2022,78.1,14.3,11.8,23088.4,0.835
Iran,2003,72.2,12.2,9.3,17289.2,0.741
Iran,2004,72.5,12.3,9.4,17684.4,0.745
Iran,2005,72.6,12.3,9.4,18082.3,0.748
Iran,2006,72.9,12.5,9.5,18505.2,0.753
Iran,2007,73.0,12.5,9.6,18911.2,0.755
Iran,2008,73.1,12.5,9.6,19328.4,0.757
Iran,2009,73.5,12.7,9.7,19793.1,0.764
Iran,2010,73.4,12.6,9.7,20206.3,0.763
Iran,2011,73.7,12.8,9.8,20677.6,0.768
Iran,2012,73.9,12.8,9.8,21145.2,0.771
Iran,2013,73.7,12.7,9.8,21586.7,0.77
Iran,2014,74.1,12.9,9.9,22087.2,0.775
Iran,2015,74.1,12.9,9.9,22576.2,0.777
Iran,2016,74.3,13.0,9.9,23081.4,0.78
Iran,2017,74.5,13.1,10.0,23610.3,0.784
Iran,2018,74.6,13.1,10.0,24127.4,0.786
Iran,2019,74.7,13.1,10.1,,0.789
Iran,2020,74.9,13.2,10.1,25225.7,0.792
Iran,2021,75.0,13.2,10.2,25788.9,0.795
Iran,2022,75.1,13.2,10.2,26358.8,0.796
Kazakhstan,2003,,13.8,8.9,25253.0,0.787
Kazakhstan,2004,75.9,13.9,9.0,25775.6,0.791
Kazakhstan,2005,75.8,13.9,9.0,26282.4,0.792
Kazakhstan,2006,75.9,14.0,9.1,26826.5,0.796
Kazakhstan,2007,76.2,14.2,9.2,27386.3,0.801
Kazakhstan,2008,76.3,14.3,9.3,,0.805
Kazakhstan,2009,76.5,14.4,9.4,28530.4,0.809
Kazakhstan,2010,76.8,14.6,9.5,29131.8,0.814
Kazakhstan,2011,76.7,14.6,9.5,29710.0,0.815
Kazakhstan,2012,76.8,14.6,9.6,30316.2,0.818
Kazakhstan,2013,76.9,14.7,9.7,30935.4,0.821
Kazakhstan,2014,77.1,14.8,9.8,31579.7,0.826
Kazakhstan,2015,77.3,15.0,9.9,32237.8,0.831
Kazakhstan,2016,77.6,15.2,10.0,32920.5,0.837
Kazakhstan,2017,77.5,15.2,10.0,33575.5,0.838
Kazakhstan,2018,77.7,15.3,10.1,34275.1,0.842
Kazakhstan,2019,77.9,15.4,10.2,34979.1,0.846
Kazakhstan,2020,78.1,15.6,,35712.1,0.851
Kazakhstan,2021,78.4,15.7,10.4,36461.3,0.857
Kazakhstan,2022,78.2,15.7,10.4,37181.7,0.856
Malaysia,2003,76.0,12.9,10.2,21495.3,0.788
Malaysia,2004,76.3,13.0,10.3,21955.9,0.792
Malaysia,2005,76.5,13.1,10.4,22431.6,0.797
Malaysia,2006,76.8,13.3,10.5,22920.8,0.803
Malaysia,2007,77.1,13.4,10.6,23415.3,0.807
Malaysia,2008,77.4,13.6,10.7,23926.3,0.813
Malaysia,2009,77.7,13.7,10.8,24446.3,0.818
Malaysia,2010,78.0,13.9,11.0,24981.2,0.824
Malaysia,2011,78.1,13.9,11.0,25500.5,0.826
Malaysia,2012,78.5,14.1,11.1,26064.7,0.832
Malaysia,2013,78.7,14.1,11.2,26621.1,0.836
Malaysia,2014,78.9,14.3,11.3,27193.5,0.84
Malaysia,2015,79.2,14.4,11.4,27784.6,0.845
Malaysia,2016,79.6,14.6,11.6,28398.8,0.852
Malaysia,2017,79.9,14.7,11.7,29013.5,0.857
Malaysia,2018,80.1,14.8,11.8,29642.2,0.862
Malaysia,2019,80.3,14.9,11.9,30278.3,0.866
Malaysia,2020,80.6,15.1,12.0,30937.0,0.871
Malaysia,2021,81.0,15.2,12.1,31615.7,0.877
Malaysia,2022,81.0,15.3,12.1,32277.7,0.879
Mexico,2003,76.9,13.6,9.2,22512.6,0.788
Mexico,2004,77.3,13.7,9.2,23167.4,0.793
Mexico,2005,77.4,13.7,9.2,23810.5,0.795
Mexico,2006,77.7,13.8,9.3,24492.8,0.799
Mexico,2007,78.0,13.9,9.4,25194.1,0.804
Mexico,2008,78.2,13.9,9.4,25907.7,0.807
Mexico,2009,78.4,13.9,9.4,26639.7,0.81
Mexico,2010,78.7,14.0,9.5,27405.4,0.815
Mexico,2011,79.0,14.1,9.6,28195.2,0.82
Mexico,2012,79.1,14.1,9.6,28977.5,0.821
Mexico,2013,79.5,14.2,9.6,29815.2,0.826
Mexico,2014,79.6,14.2,9.7,30656.6,0.829
Mexico,2015,80.1,14.4,9.8,31549.4,0.835
Mexico,2016,80.1,14.3,9.7,32421.0,0.835
Mexico,2017,80.4,14.4,9.8,33355.1,0.84
Mexico,2018,80.8,14.5,9.9,34315.2,0.845
Mexico,2019,81.1,14.6,10.0,35305.0,0.851
Mexico,2020,81.2,14.6,10.0,36294.4,0.852
Mexico,2021,81.4,14.6,10.0,,0.855
Mexico,2022,81.9,14.8,10.1,38412.1,0.863
Panama,2003,72.8,14.5,9.6,19782.0,0.777
Panama,2004,73.0,14.7,9.7,20161.3,0.782
Panama,2005,73.1,14.7,9.8,20530.7,0.784
Panama,2006,73.3,14.8,9.8,20913.4,0.788
Panama,2007,73.7,15.0,9.9,21323.2,0.794
Panama,2008,74.0,15.1,10.1,21737.8,0.799
Panama,2009,74.1,15.1,10.1,22134.0,0.801
Panama,2010,74.6,15.4,10.3,22585.7,0.809
Panama,2011,74.8,15.5,10.4,23008.9,0.813
Panama,2012,75.0,15.6,10.4,23437.0,0.816
Panama,2013,75.2,15.7,10.5,23879.4,0.82
Panama,2014,75.4,15.8,10.6,24335.8,0.824
Panama,2015,75.8,,10.7,24807.9,0.83
Panama,2016,76.0,16.0,10.8,25278.5,0.834
Panama,2017,76.4,16.2,10.9,25772.9,0.84
Panama,2018,76.5,16.3,11.0,26251.8,0.843
Panama,2019,76.8,16.4,11.1,26761.5,0.848
Panama,2020,77.0,16.5,11.2,27267.0,0.852
Panama,2021,77.3,16.7,11.3,27790.5,0.857
Panama,2022,77.5,16.7,11.4,28316.0,0.861
Romania,2003,75.7,13.9,10.6,24417.3,0.808
Romania,2004,75.9,14.0,10.7,25170.9,0.812
Romania,2005,75.9,,10.7,25934.3,0.814
Romania,2006,76.2,14.2,10.8,26744.7,0.819
Romania,2007,76.1,14.1,10.8,27543.0,0.819
Romania,2008,76.5,14.3,10.9,28412.3,0.826
Romania,2009,76.4,14.2,10.9,29264.3,0.826
Romania,2010,76.4,14.2,10.9,30147.5,0.828
Romania,2011,76.7,14.4,11.0,31087.7,0.833
Romania,2012,76.7,14.4,11.0,32032.6,0.835
Romania,2013,77.0,14.5,11.1,33030.0,0.84
Romania,2014,77.0,14.5,11.1,34027.4,0.841
Romania,2015,77.1,14.5,11.1,35072.8,0.845
Romania,2016,77.1,14.5,11.1,36133.7,0.846
Romania,2017,77.4,14.7,11.2,37256.3,0.851
Romania,2018,77.3,14.6,11.2,,0.851
Romania,2019,77.5,14.7,11.3,39564.5,0.856
Romania,2020,77.9,14.9,11.4,,0.862
Romania,2021,78.0,14.9,11.4,42052.1,0.865
Romania,2022,78.1,15.0,11.4,43337.4,0.868
Seychelles,2003,75.9,12.2,,14598.0,0.755
Seychelles,2004,76.0,12.2,9.8,14880.5,0.756
Seychelles,2005,76.3,12.3,9.8,15199.3,0.76
Seychelles,2006,76.7,12.4,9.9,15531.7,0.765
Seychelles,2007,76.8,12.3,9.9,15831.7,
Seychelles,2008,77.2,12.4,10.0,16174.3,0.771
Seychelles,2009,77.4,12.5,10.0,16511.7,0.774
Seychelles,2010,77.8,12.5,10.1,16861.2,0.778
Seychelles,2011,78.0,12.6,10.1,17215.2,0.781
Seychelles,2012,78.3,12.6,10.1,17572.1,0.784
Seychelles,2013,78.7,12.8,,17951.4,0.789
Seychelles,2014,78.8,12.8,10.2,18316.7,0.791
Seychelles,2015,79.3,12.9,10.3,18723.1,0.798
Seychelles,2016,79.6,13.0,10.4,19113.3,0.801
Seychelles,2017,79.8,13.0,10.4,19504.4,0.803
Seychelles,2018,80.1,13.0,10.5,19915.6,0.807
Seychelles,2019,80.5,13.1,10.5,20342.1,0.812
Seychelles,2020,80.7,13.2,10.6,20759.5,0.814
Seychelles,2021,81.2,13.3,10.7,21222.8,0.821
Seychelles,2022,81.4,13.3,10.7,21654.7,0.823
Turkey,2003,76.4,13.9,10.5,18104.9,0.794
Turkey,2004,76.4,13.9,10.6,,0.798
Turkey,2005,76.7,14.2,10.8,19415.0,0.805
Turkey,2006,76.5,14.2,10.8,20073.3,0.807
Turkey,2007,76.9,14.4,11.0,20807.8,0.815
Turkey,2008,76.8,14.5,11.1,21527.8,0.818
Turkey,2009,76.9,14.6,11.2,22280.7,0.822
Turkey,2010,77.0,14.7,11.3,23070.7,0.827
Turkey,2011,77.1,14.9,11.4,23888.5,0.832
Turkey,2012,77.3,15.1,11.5,24741.0,0.838
Turkey,2013,,15.2,11.6,25617.0,0.843
Turkey,2014,77.4,15.3,11.7,26511.9,0.847
Turkey,2015,77.6,15.5,11.8,27455.3,0.853
Turkey,2016,77.9,15.7,12.0,28448.1,0.86
Turkey,2017,78.0,15.8,12.1,29449.5,0.865
Turkey,2018,78.0,15.9,12.2,30477.6,0.868
Turkey,2019,78.1,16.0,12.3,31551.5,0.872
Turkey,2020,78.2,16.2,12.4,32668.3,0.877
Turkey,2021,78.4,16.3,12.5,33828.6,0.883
Turkey,2022,78.3,16.4,12.6,,0.886
Uruguay,2003,71.2,12.0,9.1,19920.7,0.737
Uruguay,2004,71.6,,9.2,20662.2,0.744
Uruguay,2005,71.8,12.2,9.3,21414.4,0.749
Uruguay,2006,72.4,12.5,9.5,22236.7,0.759
Uruguay,2007,72.4,12.6,9.5,23031.1,0.762
Uruguay,2008,72.8,12.8,9.7,23895.4,0.77
Uruguay,2009,72.7,12.7,9.7,24737.7,0.771
Uruguay,2010,73.1,12.9,9.8,25657.0,0.777
Uruguay,2011,73.5,13.1,10.0,26612.7,0.785
Uruguay,2012,73.7,13.2,10.0,27583.1,0.789
Uruguay,2013,73.9,13.3,10.2,28599.0,0.795
Uruguay,2014,74.0,13.4,10.2,29630.7,0.798
Uruguay,2015,74.5,13.6,10.4,30745.2,0.807
Uruguay,2016,74.7,13.7,,31867.2,0.812
Uruguay,2017,74.9,13.8,10.5,33032.9,0.817
Uruguay,2018,75.0,,10.6,34234.4,0.821
Uruguay,2019,75.4,,10.7,35501.4,0.827
Uruguay,2020,75.6,14.2,10.8,36798.3,0.832
Uruguay,2021,75.7,14.2,10.9,38135.6,0.836
Uruguay,2022,76.1,14.4,11.0,39552.0,0.843
Venezuela,2003,76.1,,9.8,18375.6,0.776
Venezuela,2004,76.5,13.3,,18948.5,0.783
Venezuela,2005,76.4,13.3,9.9,19497.0,0.785
Venezuela,2006,,13.4,10.0,20086.8,0.79
Venezuela,2007,76.8,13.5,10.1,,0.793
Venezuela,2008,76.9,13.6,10.2,21303.9,0.798
Venezuela,2009,77.0,13.7,,21935.1,0.801
Venezuela,2010,77.0,13.7,10.3,22575.6,0.803
Venezuela,2011,77.4,13.9,10.4,23272.1,0.81
Venezuela,2012,77.4,13.9,10.4,23951.0,0.812
Venezuela,2013,77.4,13.9,10.5,24654.8,0.815
Venezuela,2014,77.6,14.1,10.6,25401.8,0.82
Venezuela,2015,78.0,14.3,10.7,26178.8,0.826
Venezuela,2016,78.0,14.3,,26952.6,0.829
Venezuela,2017,78.0,14.3,10.8,27744.2,0.832
Venezuela,2018,78.2,14.4,10.8,28571.8,0.835
Venezuela,2019,78.3,14.5,10.9,29424.3,0.839
Venezuela,2020,78.7,14.7,11.1,30325.9,0.846
Venezuela,2021,78.7,14.7,11.1,31212.7,0.848
Venezuela,2022,78.8,14.8,11.2,32144.0,0.852
Costa Rica,2003,74.5,14.2,9.0,14677.5,0.76
Costa Rica,2004,74.5,14.2,9.1,14987.6,0.762
Costa Rica,2005,,14.4,9.2,15322.2,0.767
Costa Rica,2006,74.9,14.5,9.3,15661.8,0.771
Costa Rica,2007,74.9,14.6,9.3,15991.8,0.774
Costa Rica,2008,75.1,14.7,9.4,16345.7,0.778
Costa Rica,2009,75.2,14.8,9.5,16702.4,0.782
Costa Rica,2010,75.3,14.9,,17068.7,0.786
Costa Rica,2011,75.4,15.0,9.7,17433.8,0.789
Costa Rica,2012,75.6,15.2,9.8,17825.1,0.794
Costa Rica,2013,75.4,15.1,9.8,18180.6,0.793
Costa Rica,2014,76.0,15.5,10.0,18626.8,0.804
Costa Rica,2015,75.8,15.4,10.0,18993.1,0.802
Costa Rica,2016,76.0,15.5,10.1,19419.0,0.808
Costa Rica,2017,76.0,15.6,10.1,19827.7,0.809
Costa Rica,2018,76.2,15.7,10.3,,0.815
Costa Rica,2019,76.3,15.8,10.3,20711.9,0.818
Costa Rica,2020,76.3,15.9,10.4,21152.9,0.821
Costa Rica,2021,76.6,16.1,10.5,,0.826
Costa Rica,2022,76.6,16.1,10.6,,0.828
Mauritius,2003,72.1,13.7,10.6,27171.2,0.793
Mauritius,2004,72.4,13.9,10.7,28051.3,0.799
Mauritius,2005,72.6,14.0,10.8,28951.5,0.804
Mauritius,2006,72.8,14.1,10.9,29880.7,0.808
Mauritius,2007,72.9,14.2,11.0,30833.5,0.812
Mauritius,2008,72.9,14.2,11.0,31804.6,0.815
Mauritius,2009,73.4,14.5,11.2,,0.823
Mauritius,2010,73.3,14.5,11.2,33878.7,0.824
Mauritius,2011,73.7,14.6,11.3,34980.5,0.831
Mauritius,2012,73.8,14.7,11.4,36092.0,0.834
Mauritius,2013,74.1,14.8,11.5,37257.0,0.839
Mauritius,2014,74.3,15.0,11.6,38456.2,0.845
Mauritius,2015,74.5,15.1,11.7,39689.8,0.849
Mauritius,2016,74.7,15.2,11.8,40964.0,0.854
Mauritius,2017,75.0,15.4,11.9,42289.9,0.86
Mauritius,2018,75.1,15.4,11.9,43634.5,0.863
Mauritius,2019,75.2,15.5,12.0,45027.2,0.867
Mauritius,2020,75.5,15.7,12.1,46483.9,0.873
Mauritius,2021,75.8,15.8,12.2,47977.1,0.878
Mauritius,2022,75.7,15.8,12.3,49491.8,0.88
Georgia,2003,75.7,13.8,10.5,19521.0,0.794
Georgia,2004,75.8,13.9,10.5,20209.7,0.798
Georgia,2005,76.0,14.1,10.6,20934.2,0.803
Georgia,2006,76.4,14.3,10.8,21700.9,0.811
Georgia,2007,76.2,14.2,10.8,22438.5,0.811
Georgia,2008,76.4,14.4,10.9,23246.9,0.817
Georgia,2009,76.5,14.5,11.0,24061.2,0.82
Georgia,2010,76.7,14.6,,24921.4,0.826
Georgia,2011,76.9,14.7,11.2,25812.7,0.831
Georgia,2012,76.9,14.8,11.2,26718.9,0.834
Georgia,2013,77.2,15.0,11.4,27684.1,0.841
Georgia,2014,77.4,15.1,11.5,28669.5,0.846
Georgia,2015,77.1,15.0,11.4,29647.3,0.845
Georgia,2016,77.4,15.2,11.6,30714.6,0.852
Georgia,2017,77.6,15.4,11.7,31811.0,0.857
Georgia,2018,77.8,15.5,11.8,32949.2,0.863
Georgia,2019,77.8,15.6,11.8,34100.9,0.865
Georgia,2020,78.0,15.7,11.9,35314.2,0.87
Georgia,2021,78.0,15.7,12.0,36554.5,0.873
Georgia,2022,78.1,15.8,12.0,37846.9,0.876
Albania,2003,73.5,,,22126.2,0.778
Albania,2004,73.7,13.6,9.9,22876.1,0.783
Albania,2005,73.9,13.7,10.0,23654.8,0.788
Albania,2006,74.2,13.8,10.1,24460.3,0.793
Albania,2007,74.4,13.9,10.2,25288.0,0.798
Albania,2008,74.7,,10.3,26155.9,0.804
Albania,2009,74.8,14.1,10.4,27034.4,0.807
Albania,2010,75.2,14.3,,,0.815
Albania,2011,75.4,14.4,10.6,28919.0,0.819
Albania,2012,75.6,14.5,10.7,29905.0,0.824
Albania,2013,76.0,14.7,10.8,,0.831
Albania,2014,76.4,14.9,10.9,32006.3,0.838
Albania,2015,76.6,15.0,11.0,33093.3,0.842
Albania,2016,76.6,15.0,11.1,34197.3,0.845
Albania,2017,77.0,15.1,11.2,35370.5,0.851
Albania,2018,77.4,15.3,11.3,36597.0,0.858
Albania,2019,77.5,15.4,11.4,37826.3,0.861
Albania,2020,77.8,15.5,11.5,39124.9,0.867
Albania,2021,78.2,15.7,11.6,40467.7,0.874
Albania,2022,78.3,15.7,11.7,41833.2,0.877
Sri Lanka,2003,72.2,13.4,10.3,14617.1,0.756
Sri Lanka,2004,72.2,13.5,10.4,15028.6,0.759
Sri Lanka,2005,72.3,13.6,10.5,15462.1,0.764
Sri Lanka,2006,72.5,13.8,10.6,15919.9,0.77
Sri Lanka,2007,72.7,13.9,10.8,16388.6,0.775
Sri Lanka,2008,72.9,14.1,10.9,16863.4,0.78
Sri Lanka,2009,73.1,14.3,11.0,17366.1,0.786
Sri Lanka,2010,73.2,14.4,11.1,17864.4,0.79
Sri Lanka,2011,73.3,14.5,11.2,18378.9,0.794
Sri Lanka,2012,73.5,14.6,11.3,18922.2,0.8
Sri Lanka,2013,73.7,14.8,11.5,19475.3,0.805
Sri Lanka,2014,73.6,14.9,11.5,20025.5,0.807
Sri Lanka,2015,74.0,15.1,11.7,20634.7,0.815
Sri Lanka,2016,,15.2,11.8,21222.1,0.818
Sri Lanka,2017,74.2,15.3,11.9,21841.7,0.823
Sri Lanka,2018,74.4,15.5,12.0,22489.5,0.83
Sri Lanka,2019,74.6,15.7,12.2,23145.5,0.834
Sri Lanka,2020,74.6,15.8,12.2,23806.3,0.837
Sri Lanka,2021,74.9,16.0,12.4,24516.3,0.844
Sri Lanka,2022,74.9,,12.5,25217.9,0.847
Ukraine,2003,73.6,13.7,8.8,22364.2,0.768
Ukraine,2004,73.8,13.8,8.8,22949.9,0.771
Ukraine,2005,74.0,13.8,8.8,23547.3,0.774
Ukraine,2006,74.2,,8.9,24167.0,0.778
Ukraine,2007,74.4,13.9,9.0,24804.2,
Ukraine,2008,74.6,14.0,9.0,25454.5,0.785
Ukraine,2009,74.9,14.1,9.1,26135.0,0.79
Ukraine,2010,75.3,14.2,9.2,26834.4,0.796
Ukraine,2011,75.2,,9.2,27511.7,0.796
Ukraine,2012,75.4,14.2,9.2,28227.1,0.798
Ukraine,2013,75.7,14.3,9.3,28982.5,0.804
Ukraine,2014,76.2,14.5,9.4,29771.3,0.811
Ukraine,2015,76.1,14.4,,30519.6,0.81
Ukraine,2016,76.5,14.6,9.5,,0.817
Ukraine,2017,76.8,14.7,9.5,32170.9,0.821
Ukraine,2018,76.7,14.6,9.5,32994.1,0.821
Ukraine,2019,77.1,14.8,9.6,33873.0,0.826
Ukraine,2020,77.4,14.9,9.7,34774.1,0.831
Ukraine,2021,77.4,14.9,9.7,35668.0,0.832
Ukraine,2022,77.7,14.9,9.7,36607.7,0.836
Brazil,2003,71.4,14.2,9.0,17843.0,0.754
Brazil,2004,71.7,14.3,9.0,18219.8,0.758
Brazil,2005,71.8,14.3,9.1,18589.8,0.761
Brazil,2006,72.1,14.4,9.1,18987.3,0.765
Brazil,2007,72.3,14.5,9.2,19382.9,0.769
Brazil,2008,72.4,14.5,9.2,19774.0,0.77
Brazil,2009,72.6,14.6,9.3,20186.2,0.774
Brazil,2010,72.9,14.7,9.4,20619.8,0.779
Brazil,2011,72.8,14.6,9.3,21012.6,
Brazil,2012,72.9,14.7,9.4,21446.5,0.78
Brazil,2013,73.3,14.8,9.5,21909.3,0.786
Brazil,2014,73.6,15.0,9.5,22374.4,0.791
Brazil,2015,73.5,14.9,9.5,22814.4,0.791
Brazil,2016,73.9,15.1,9.6,23305.8,0.796
Brazil,2017,,15.0,9.6,23770.8,0.797
Brazil,2018,74.0,15.1,9.6,24254.2,0.799
Brazil,2019,74.2,15.1,9.7,24752.5,0.801
Brazil,2020,74.5,15.2,9.8,25280.5,0.807
Brazil,2021,74.5,15.2,9.8,25787.4,0.807
Brazil,2022,74.8,15.3,9.8,26330.4,0.812
China,2003,73.6,13.8,9.3,22962.8,0.778
China,2004,74.0,13.9,9.4,23772.0,0.784
China,2005,74.4,14.1,9.5,24616.7,0.79
China,2006,74.6,14.1,9.5,,0.793
China,2007,75.1,14.3,9.7,26374.4,0.801
China,2008,75.2,14.3,9.7,27274.5,0.803
China,2009,75.4,14.3,9.7,28223.8,0.807
China,2010,75.7,14.4,9.8,29203.4,0.811
China,2011,76.0,14.5,9.8,30226.7,0.816
China,2012,76.3,14.5,9.9,31278.3,
China,2013,76.6,14.7,10.0,32378.1,0.826
China,2014,76.9,14.7,10.0,33509.9,0.83
China,2015,77.0,14.7,10.1,34661.2,0.833
China,2016,77.3,14.8,10.1,35865.2,0.836
China,2017,77.5,14.8,10.1,37111.8,0.84
China,2018,78.0,15.0,10.3,38430.6,0.848
China,2019,78.2,15.0,10.3,39755.0,0.85
China,2020,78.3,15.0,10.3,41131.8,0.853
China,2021,78.9,15.2,10.4,42592.9,0.861
China,2022,79.4,15.4,10.5,44099.7,0.868
Bolivia,2003,70.3,11.0,8.5,10807.0,0.685
Bolivia,2004,70.8,11.1,8.6,11041.6,0.691
Bolivia,2005,71.0,11.1,8.6,11258.6,0.693
Bolivia,2006,71.3,11.2,8.6,11486.3,0.697
Bolivia,2007,71.4,11.2,8.7,11707.3,0.699
Bolivia,2008,71.8,11.3,8.7,11946.7,0.703
Bolivia,2009,72.0,11.3,8.7,12178.8,0.705
Bolivia,2010,,11.4,8.8,12433.5,0.71
Bolivia,2011,72.5,11.4,8.8,12678.1,0.713
Bolivia,2012,73.1,11.6,9.0,12958.0,0.72
Bolivia,2013,73.2,11.6,9.0,13207.1,0.721
Bolivia,2014,73.5,11.7,9.0,13475.2,0.725
Bolivia,2015,73.8,11.7,9.1,13743.6,0.728
Bolivia,2016,,11.8,9.1,14025.6,0.732
Bolivia,2017,74.6,12.0,9.2,14331.8,0.739
Bolivia,2018,74.6,11.9,9.2,14593.3,0.739
Bolivia,2019,74.9,11.9,9.2,14884.8,0.742
Bolivia,2020,75.3,12.1,9.3,15197.6,0.747
Bolivia,2021,75.3,12.0,9.3,,0.747
Bolivia,2022,75.8,12.2,9.4,15813.3,0.754
Egypt,2003,64.2,10.6,5.7,4205.8,0.571
Egypt,2004,64.5,10.7,5.8,4288.7,0.576
Egypt,2005,64.8,10.8,5.9,4363.2,0.58
Egypt,2006,64.9,10.8,5.9,4423.0,0.581
Egypt,2007,65.2,11.0,6.0,4515.0,0.587
Egypt,2008,65.6,11.1,6.1,,0.593
Egypt,2009,65.8,11.2,6.2,4680.1,0.596
Egypt,2010,66.3,11.4,6.3,,0.603
Egypt,2011,66.7,11.5,6.4,4881.6,0.608
Egypt,2012,,11.6,6.5,4967.9,0.612
Egypt,2013,67.1,11.6,6.5,5044.7,0.615
Egypt,2014,67.5,11.8,6.7,5154.5,0.621
Egypt,2015,67.7,11.9,6.7,5235.5,0.624
Egypt,2016,,12.0,6.8,5326.8,0.628
Egypt,2017,68.2,12.0,6.9,5422.0,0.632
Egypt,2018,68.5,12.2,7.0,5524.9,0.636
Egypt,2019,68.8,12.3,7.0,,0.641
Egypt,2020,69.2,12.4,7.1,5734.7,0.646
Egypt,2021,69.5,12.5,7.2,5840.0,0.65
Egypt,2022,69.7,12.6,7.3,5945.7,0.654
El Salvador,2003,69.5,11.3,6.4,8989.9,0.649
El Salvador,2004,69.8,11.5,6.5,9254.4,0.654
El Salvador,2005,69.8,11.4,6.5,9499.9,0.656
El Salvador,2006,70.0,11.5,6.5,9761.1,0.658
El Salvador,2007,70.4,11.7,6.7,10060.2,0.665
El Salvador,2008,70.4,11.6,6.7,10328.1,0.667
El Salvador,2009,70.7,11.8,6.7,10631.1,0.672
El Salvador,2010,70.9,,6.8,10929.3,0.675
El Salvador,2011,71.0,11.8,6.8,11229.1,0.678
El Salvador,2012,71.2,11.9,6.9,11544.0,0.681
El Salvador,2013,71.3,12.0,6.9,11867.2,0.684
El Salvador,2014,71.5,12.0,7.0,,0.688
El Salvador,2015,71.8,12.1,7.0,12558.1,0.693
El Salvador,2016,71.8,12.1,7.1,12895.1,0.694
El Salvador,2017,72.1,12.2,7.1,13267.7,0.699
El Salvador,2018,72.2,12.2,7.1,13629.2,0.701
El Salvador,2019,72.4,12.3,7.2,14014.8,0.705
El Salvador,2020,72.7,12.4,7.3,14419.6,0.71
El Salvador,2021,72.6,12.4,7.3,14806.6,0.711
El Salvador,2022,73.2,12.6,7.4,15264.6,0.72
Gabon,2003,69.6,9.7,6.9,,0.611
Gabon,2004,69.8,9.8,7.0,5304.5,0.615
Gabon,2005,70.4,10.1,7.2,5458.3,0.624
Gabon,2006,70.5,10.1,7.2,5567.3,0.626
Gabon,2007,70.7,10.2,7.3,5691.5,0.629
Gabon,2008,71.1,10.3,7.4,5840.3,0.636
Gabon,2009,71.2,10.3,7.4,5958.6,0.638
Gabon,2010,71.7,10.6,7.6,6120.8,0.646
Gabon,2011,71.8,10.6,7.6,6250.4,0.649
Gabon,2012,71.9,10.6,7.7,6383.1,0.651
Gabon,2013,72.4,10.9,7.8,6557.2,0.659
Gabon,2014,72.4,10.8,7.8,6680.7,0.66
Gabon,2015,72.8,11.0,7.9,6848.7,0.666
Gabon,2016,73.0,11.1,8.0,7002.4,0.67
Gabon,2017,73.3,11.2,8.1,7174.3,0.675
Gabon,2018,73.6,11.3,8.2,7342.4,0.68
Gabon,2019,73.7,11.4,8.2,7496.5,0.682
Gabon,2020,73.9,11.4,8.3,7661.9,0.686
Gabon,2021,74.3,11.6,8.4,7851.4,0.691
Gabon,2022,74.4,11.6,8.4,8021.4,0.694
India,2003,67.0,,5.6,4670.3,0.597
India,2004,67.3,11.7,5.7,4845.3,
India,2005,67.2,11.6,5.7,4981.5,0.603
India,2006,67.3,11.6,5.7,5142.3,0.606
India,2007,67.6,11.8,5.8,5332.0,0.612
India,2008,67.8,11.9,5.9,5512.0,0.616
India,2009,67.7,11.9,5.9,5677.0,0.618
India,2010,67.9,11.9,5.9,5864.1,0.621
India,2011,68.0,12.0,6.0,6064.4,0.625
India,2012,68.1,12.0,6.0,6254.0,0.627
India,2013,68.2,12.1,6.1,6459.3,0.631
India,2014,68.4,12.2,6.1,6688.7,0.636
India,2015,68.5,,6.2,6905.8,0.639
India,2016,68.7,12.3,6.3,7139.9,0.643
India,2017,68.6,12.3,6.2,7348.8,0.643
India,2018,68.8,12.4,6.3,7598.5,0.648
India,2019,69.0,12.5,6.4,7856.6,0.652
India,2020,69.0,12.5,6.4,8103.0,0.654
India,2021,69.2,12.6,6.5,8385.6,0.659
India,2022,69.4,12.7,6.5,8667.2,0.663
Indonesia,2003,67.4,9.7,8.4,10405.0,0.656
Indonesia,2004,67.6,9.8,8.5,10626.7,0.659
Indonesia,2005,67.9,9.9,8.6,10864.1,0.664
Indonesia,2006,68.2,10.0,,11111.8,0.669
Indonesia,2007,68.4,10.0,8.7,11345.2,0.672
Indonesia,2008,68.6,10.1,8.8,11593.8,0.676
Indonesia,2009,68.9,10.2,8.9,,0.681
Indonesia,2010,69.1,10.3,9.0,12106.2,0.684
Indonesia,2011,69.8,10.6,9.2,12417.1,0.695
Indonesia,2012,69.8,10.6,9.2,12662.2,0.695
Indonesia,2013,70.2,10.7,9.3,12953.9,0.701
Indonesia,2014,70.5,10.8,9.4,13242.5,0.706
Indonesia,2015,70.8,11.0,9.5,13544.0,0.711
Indonesia,2016,71.2,11.1,9.6,13851.3,0.717
Indonesia,2017,71.5,11.2,9.7,14160.8,0.721
Indonesia,2018,71.6,11.2,9.7,14462.2,0.724
Indonesia,2019,72.0,11.4,9.8,14789.3,0.729
Indonesia,2020,72.3,11.5,9.9,15124.0,0.735
Indonesia,2021,72.5,11.6,10.0,15456.2,0.739
Indonesia,2022,73.0,11.8,10.1,15819.8,0.746
Iraq,2003,69.7,11.7,7.8,9248.4,0.674
Iraq,2004,69.9,11.8,7.9,9428.2,0.679
Iraq,2005,70.2,12.0,8.1,9620.4,0.685
Iraq,2006,70.4,12.2,8.2,9804.9,0.69
Iraq,2007,70.6,12.3,8.3,,
Iraq,2008,70.6,12.4,8.4,10168.8,0.697
Iraq,2009,71.0,12.6,8.6,10386.6,0.705
Iraq,2010,71.3,12.8,8.7,10590.7,0.71
Iraq,2011,71.6,13.0,8.8,10812.2,0.717
Iraq,2012,71.7,13.1,8.9,11009.6,0.72
Iraq,2013,71.6,13.1,9.0,11193.6,0.721
Iraq,2014,72.0,13.3,9.1,11431.3,0.729
Iraq,2015,72.4,13.6,9.3,11670.8,0.736
Iraq,2016,72.5,13.6,9.4,,0.739
Iraq,2017,72.7,13.8,9.5,,0.743
Iraq,2018,73.0,14.0,9.6,12354.4,0.749
Iraq,2019,73.0,14.0,9.7,12579.2,0.752
Iraq,2020,73.3,14.2,9.9,12834.8,0.758
Iraq,2021,73.5,14.3,10.0,13076.8,0.762
Iraq,2022,73.7,14.5,10.1,,0.767
Kyrgyzstan,2003,65.1,11.8,8.5,4810.1,0.628
Kyrgyzstan,2004,65.3,11.8,8.5,,0.631
Kyrgyzstan,2005,65.4,,8.6,5024.5,0.632
Kyrgyzstan,2006,65.8,11.9,8.7,5167.0,0.638
Kyrgyzstan,2007,66.1,12.0,8.7,5303.8,0.643
Kyrgyzstan,2008,66.2,12.0,8.7,5418.2,0.645
Kyrgyzstan,2009,66.5,12.1,8.8,5558.8,0.649
Kyrgyzstan,2010,66.8,12.2,8.9,5699.5,0.653
Kyrgyzstan,2011,67.0,12.2,8.9,,0.656
Kyrgyzstan,2012,67.4,12.3,9.0,5994.8,0.662
Kyrgyzstan,2013,67.6,12.4,9.0,6137.0,0.665
Kyrgyzstan,2014,67.9,12.5,9.1,6296.1,0.669
Kyrgyzstan,2015,68.0,12.5,9.1,6440.6,0.671
Kyrgyzstan,2016,68.3,12.6,9.2,6606.5,0.676
Kyrgyzstan,2017,68.7,12.7,9.3,6783.7,0.681
Kyrgyzstan,2018,68.8,12.7,9.3,6942.4,0.684
Kyrgyzstan,2019,69.3,12.9,9.4,7137.3,0.69
Kyrgyzstan,2020,69.4,12.9,9.4,7294.3,0.691
Kyrgyzstan,2021,69.7,13.0,9.5,7483.3,0.696
Kyrgyzstan,2022,70.0,13.1,9.6,7677.6,0.701
Morocco,2003,66.2,10.7,7.6,4027.6,0.602
Morocco,2004,66.2,10.8,7.7,4140.1,0.606
Morocco,2005,66.7,11.1,7.8,4297.1,0.615
Morocco,2006,66.6,11.1,,4402.4,0.617
Morocco,2007,66.8,11.3,8.0,4540.9,0.622
Morocco,2008,66.9,11.4,8.1,,0.626
Morocco,2009,67.3,11.6,8.3,4839.3,0.634
Morocco,2010,67.5,11.7,8.4,4986.5,0.639
Morocco,2011,67.7,11.9,8.5,5135.4,0.644
Morocco,2012,67.8,12.0,8.5,5284.8,0.648
Morocco,2013,67.8,12.0,8.6,5429.8,0.65
Morocco,2014,68.1,12.2,8.7,5610.1,0.657
Morocco,2015,68.2,12.3,8.8,5772.5,0.661
Morocco,2016,68.5,12.5,9.0,5961.7,0.668
Morocco,2017,68.6,12.6,9.1,6141.1,0.672
Morocco,2018,68.6,12.6,9.1,6310.4,0.675
Morocco,2019,69.0,12.9,9.3,6518.9,0.682
Morocco,2020,69.1,13.0,9.4,6714.8,0.686
Morocco,2021,68.9,12.9,9.4,6884.7,0.686
Morocco,2022,69.5,13.2,9.6,,
Nicaragua,2003,64.1,10.4,6.8,4698.6,0.588
Nicaragua,2004,64.6,10.7,6.9,4823.9,0.597
Nicaragua,2005,64.7,10.8,7.0,4916.2,0.6
Nicaragua,2006,64.9,10.9,,5010.4,0.604
Nicaragua,2007,65.0,11.0,7.2,5105.0,0.607
Nicaragua,2008,65.2,11.1,7.3,5202.5,0.611
Nicaragua,2009,65.5,11.2,7.4,5315.2,0.616
Nicaragua,2010,65.8,11.4,7.5,5439.0,0.623
Nicaragua,2011,66.1,11.6,7.6,5558.3,0.628
Nicaragua,2012,66.3,11.7,7.7,5668.5,0.632
Nicaragua,2013,66.3,11.7,7.8,5764.2,0.634
Nicaragua,2014,66.5,11.8,7.9,5876.2,0.638
Nicaragua,2015,66.8,12.0,8.0,6009.6,0.644
Nicaragua,2016,66.9,12.0,8.0,6113.8,
Nicaragua,2017,67.3,12.2,8.2,6260.5,0.653
Nicaragua,2018,67.5,12.3,8.3,6384.1,0.657
Nicaragua,2019,67.6,12.4,8.4,6512.0,0.661
Nicaragua,2020,67.8,12.5,8.4,6634.4,0.664
Nicaragua,2021,68.2,12.7,8.6,6791.9,0.671
Nicaragua,2022,68.3,12.8,8.7,6920.7,0.674
Palestine,2003,66.8,11.0,5.9,4653.8,0.594
Palestine,2004,66.9,11.1,6.0,4806.8,0.599
Palestine,2005,67.1,11.2,6.1,,0.603
Palestine,2006,67.2,11.2,6.1,5112.0,0.605
Palestine,2007,67.5,11.3,6.2,5297.0,0.612
Palestine,2008,67.6,11.4,6.3,5463.0,0.615
Palestine,2009,67.9,11.5,6.4,5653.8,0.621
Palestine,2010,68.1,11.6,6.4,5839.1,0.625
Palestine,2011,68.2,11.6,6.5,6021.9,0.628
Palestine,2012,68.4,11.7,6.6,6223.0,0.632
Palestine,2013,68.7,11.9,6.7,6442.4,0.639
Palestine,2014,68.8,,6.7,6650.4,0.642
Palestine,2015,69.0,12.0,6.8,6865.0,0.646
Palestine,2016,69.2,12.1,6.9,7092.4,0.65
Palestine,2017,69.4,12.2,6.9,7334.3,0.656
Palestine,2018,69.8,12.4,7.1,7596.6,0.663
Palestine,2019,69.8,12.4,7.1,7827.4,0.664
Palestine,2020,70.1,12.5,7.2,8092.5,0.67
Palestine,2021,70.3,12.6,,8362.4,0.674
Palestine,2022,70.3,12.7,7.3,8627.6,0.677
Philippines,2003,66.1,10.5,8.2,4159.0,0.608
Philippines,2004,66.5,10.6,8.3,4301.2,0.615
Philippines,2005,67.0,10.8,8.4,4450.5,0.621
Philippines,2006,67.0,10.8,8.4,4570.4,0.624
Philippines,2007,67.5,11.0,8.5,4730.6,0.631
Philippines,2008,67.6,11.0,8.6,4863.5,0.634
Philippines,2009,68.1,11.2,8.7,5035.8,0.641
Philippines,2010,68.3,11.3,8.8,5189.8,0.646
Philippines,2011,68.5,11.3,8.8,5337.9,0.648
Philippines,2012,69.0,11.6,9.0,,0.657
Philippines,2013,69.1,11.6,9.0,5690.4,0.66
Philippines,2014,69.4,11.7,9.1,5869.7,0.665
Philippines,2015,69.8,11.8,9.2,6065.5,0.671
Philippines,2016,70.2,12.0,9.3,6266.6,0.677
Philippines,2017,70.3,12.0,9.4,6442.5,0.68
Philippines,2018,70.7,12.1,9.5,6657.2,0.686
Philippines,2019,71.0,12.3,9.6,6871.2,0.692
Philippines,2020,71.3,12.4,9.7,7090.8,0.697
Philippines,2021,71.6,12.5,9.7,,0.701
Philippines,2022,71.8,12.5,9.8,7534.9,0.706
South Africa,2003,67.3,9.7,6.9,7873.1,0.621
South Africa,2004,67.8,10.0,7.0,8048.5,0.63
South Africa,2005,68.1,10.1,7.1,8199.8,0.634
South Africa,2006,68.1,10.1,7.2,8328.4,0.636
South Africa,2007,68.4,10.2,7.3,8491.3,0.641
South Africa,2008,68.8,10.4,7.4,8661.8,0.648
South Africa,2009,69.2,10.6,7.6,8840.8,0.655
South Africa,2010,69.4,10.7,7.6,8996.4,0.658
South Africa,2011,69.6,10.8,7.7,9161.6,0.662
South Africa,2012,69.9,11.0,7.8,9343.0,0.668
South Africa,2013,70.2,11.1,,9516.2,0.672
South Africa,2014,70.6,11.3,8.1,9710.8,0.679
South Africa,2015,70.7,11.3,8.2,,0.682
South Africa,2016,71.1,11.5,8.3,,0.688
South Africa,2017,71.5,11.7,8.4,10284.5,0.695
South Africa,2018,71.6,11.7,8.5,10461.9,0.697
South Africa,2019,71.8,11.8,8.6,10655.5,0.702
South Africa,2020,72.3,12.0,8.7,10875.2,0.709
South Africa,2021,72.5,12.2,8.8,,0.713
South Africa,2022,72.9,12.3,8.9,11299.7,0.719
Tajikistan,2003,66.6,12.4,7.8,4215.5,0.626
Tajikistan,2004,67.1,12.8,8.0,4319.4,0.635
Tajikistan,2005,67.0,12.8,8.0,4361.8,0.636
Tajikistan,2006,67.1,12.8,8.1,4423.7,0.639
Tajikistan,2007,67.3,13.0,8.3,4500.7,0.643
Tajikistan,2008,67.7,13.2,8.4,4591.4,0.65
Tajikistan,2009,67.8,13.3,8.5,4657.2,0.653
Tajikistan,2010,67.8,13.4,8.6,4719.1,0.655
Tajikistan,2011,68.2,13.6,8.7,4821.4,0.663
Tajikistan,2012,68.3,13.7,8.8,4885.5,0.665
Tajikistan,2013,68.7,14.0,9.0,4992.3,0.673
Tajikistan,2014,68.8,14.1,9.1,5067.1,0.676
Tajikistan,2015,68.9,14.1,9.2,5135.9,0.678
Tajikistan,2016,69.2,14.4,9.3,5238.7,0.685
Tajikistan,2017,69.3,14.4,9.4,5313.4,0.688
Tajikistan,2018,69.6,14.6,9.5,5409.6,0.693
Tajikistan,2019,69.7,14.7,9.6,5495.8,0.697
Tajikistan,2020,69.8,,9.7,5573.8,0.699
Tajikistan,2021,70.0,15.0,9.8,5668.6,0.704
Tajikistan,2022,70.4,15.2,10.0,5779.8,0.71
Vietnam,2003,69.9,12.2,,11871.2,0.673
Vietnam,2004,70.1,12.3,6.4,12095.6,0.677
Vietnam,2005,70.1,12.3,6.4,12309.8,0.679
Vietnam,2006,70.2,12.4,6.5,12528.1,0.68
Vietnam,2007,70.3,12.5,6.5,12764.6,0.684
Vietnam,2008,70.6,12.6,6.6,13010.5,0.688
Vietnam,2009,70.7,12.6,6.7,13251.3,0.691
Vietnam,2010,70.9,12.7,6.7,13497.1,0.694
Vietnam,2011,71.0,12.8,6.8,13749.8,0.698
Vietnam,2012,,12.8,6.8,13999.2,0.7
Vietnam,2013,71.3,12.9,,14261.0,0.703
Vietnam,2014,71.4,13.0,6.9,14522.0,0.706
Vietnam,2015,71.7,13.1,7.0,14802.8,0.71
Vietnam,2016,71.8,13.2,7.1,15079.6,0.714
Vietnam,2017,71.7,13.1,7.1,15332.3,0.713
Vietnam,2018,71.9,13.2,7.1,15625.8,0.717
Vietnam,2019,72.1,13.3,7.2,15918.1,0.721
Vietnam,2020,72.2,13.4,7.3,16209.8,0.723
Vietnam,2021,72.6,13.5,7.4,16530.7,0.729
Vietnam,2022,72.5,13.5,7.4,16820.8,0.73
Honduras,2003,70.0,9.7,7.7,5489.2,0.625
Honduras,2004,70.5,9.9,,5711.2,0.633
Honduras,2005,70.8,10.0,7.9,5920.7,0.639
Honduras,2006,70.9,10.0,,6121.7,0.642
Honduras,2007,71.0,10.0,8.0,6324.9,0.644
Honduras,2008,71.4,10.2,8.1,6571.4,0.652
Honduras,2009,71.8,10.4,8.2,6830.2,0.66
Honduras,2010,72.0,10.5,8.3,7065.5,0.663
Honduras,2011,72.1,,8.3,7313.3,0.667
Honduras,2012,72.4,10.6,8.4,7585.3,0.673
Honduras,2013,72.8,10.8,8.5,,0.68
Honduras,2014,73.1,10.9,8.6,8159.3,0.684
Honduras,2015,73.3,11.0,8.7,8448.6,0.689
Honduras,2016,73.5,11.1,8.8,8755.4,0.694
Honduras,2017,73.8,11.2,8.9,9074.5,0.699
Honduras,2018,74.0,11.3,8.9,9400.1,0.703
Honduras,2019,74.5,11.5,9.1,9768.5,0.712
Honduras,2020,74.6,11.5,,10104.7,0.714
Honduras,2021,75.0,11.7,9.2,10488.5,0.722
Honduras,2022,75.3,11.8,9.3,10873.5,0.727
Guatemala,2003,65.9,12.1,6.9,11844.8,0.661
Guatemala,2004,65.8,12.1,7.0,12186.7,0.662
Guatemala,2005,66.0,12.2,7.1,12570.3,0.668
Guatemala,2006,66.2,12.4,7.2,12967.5,0.674
Guatemala,2007,66.3,12.5,7.3,13357.1,0.677
Guatemala,2008,66.5,12.7,,13782.2,0.683
Guatemala,2009,66.7,12.8,7.5,,0.688
Guatemala,2010,66.8,12.9,7.6,14647.7,0.692
Guatemala,2011,66.6,12.9,7.6,15069.8,0.693
Guatemala,2012,67.0,13.1,7.8,15556.0,0.7
Guatemala,2013,67.2,13.3,7.9,16044.9,0.706
Guatemala,2014,67.1,13.3,7.9,16516.2,0.707
Guatemala,2015,67.4,13.5,8.1,17046.6,0.714
Guatemala,2016,67.5,13.6,8.2,17571.7,0.718
Guatemala,2017,67.5,13.6,8.2,18094.9,0.72
Guatemala,2018,67.8,13.8,8.3,18674.0,0.727
Guatemala,2019,67.9,13.9,,19244.3,0.731
Guatemala,2020,68.0,14.1,8.5,19841.7,0.736
Guatemala,2021,68.0,14.1,8.6,20437.6,0.738
Guatemala,2022,68.2,14.3,8.7,21079.6,0.744
Bangladesh,2003,66.5,,8.1,8367.8,0.649
Bangladesh,2004,66.9,10.9,8.1,8577.5,0.653
Bangladesh,2005,67.2,11.0,8.2,,0.658
Bangladesh,2006,67.5,11.1,8.2,9006.0,0.661
Bangladesh,2007,67.8,11.2,8.3,9231.9,0.666
Bangladesh,2008,68.0,11.2,8.3,9446.5,0.668
Bangladesh,2009,68.4,11.3,8.4,9687.6,0.673
Bangladesh,2010,68.6,11.3,8.4,9917.2,0.676
Bangladesh,2011,69.0,11.4,8.5,10170.4,0.681
Bangladesh,2012,69.3,11.5,8.5,10418.2,0.685
Bangladesh,2013,69.4,11.4,,10657.9,0.687
Bangladesh,2014,69.9,11.6,8.7,10939.6,0.693
Bangladesh,2015,70.1,11.6,8.7,11191.2,0.695
Bangladesh,2016,70.5,11.7,8.7,11479.1,0.7
Bangladesh,2017,70.7,11.8,8.8,11755.8,0.704
Bangladesh,2018,71.2,11.9,8.9,12058.6,0.709
Bangladesh,2019,71.3,11.8,8.9,12333.1,0.71
Bangladesh,2020,71.6,11.9,8.9,12634.2,0.714
Bangladesh,2021,71.9,12.0,9.0,12947.2,0.718
Bangladesh,2022,72.2,12.0,9.0,13261.7,0.722
Nepal,2003,65.5,11.3,6.4,6403.6,0.614
Nepal,2004,65.6,11.5,6.5,6623.2,0.62
Nepal,2005,65.7,11.6,6.6,6845.4,0.625
Nepal,2006,65.8,11.7,6.7,7068.1,0.629
Nepal,2007,65.9,11.9,6.9,7310.5,0.635
Nepal,2008,65.9,12.0,6.9,7541.9,0.638
Nepal,2009,66.1,12.1,7.1,7802.7,0.644
Nepal,2010,66.1,12.3,7.2,,0.648
Nepal,2011,66.2,12.4,7.3,8327.3,0.653
Nepal,2012,66.4,12.6,7.4,8614.9,0.659
Nepal,2013,66.5,12.7,7.5,8907.3,0.664
Nepal,2014,66.7,12.9,7.7,9214.4,0.67
Nepal,2015,66.8,13.0,7.7,9514.5,0.674
Nepal,2016,66.9,13.2,7.9,,0.68
Nepal,2017,67.0,13.3,8.0,10167.9,0.685
Nepal,2018,67.3,13.5,8.1,10529.5,0.692
Nepal,2019,67.0,13.4,8.1,10837.2,0.691
Nepal,2020,67.2,13.6,8.3,11212.9,0.697
Nepal,2021,67.5,13.9,8.4,11611.3,0.705
Nepal,2022,67.5,13.9,8.5,11982.4,0.708
Pakistan,2003,67.8,12.2,6.8,8857.5,0.656
Pakistan,2004,,12.2,6.9,9113.3,0.659
Pakistan,2005,68.2,12.4,7.0,9407.9,0.665
Pakistan,2006,68.4,12.5,7.1,9691.6,0.67
Pakistan,2007,68.9,12.8,7.3,10020.4,0.679
Pakistan,2008,68.9,12.8,7.3,10304.7,0.68
Pakistan,2009,69.1,12.9,7.4,10624.9,0.686
Pakistan,2010,69.4,13.0,7.5,10956.2,0.691
Pakistan,2011,69.6,13.1,7.6,11288.2,0.696
Pakistan,2012,69.9,13.3,7.7,11652.2,0.703
Pakistan,2013,69.9,13.3,7.8,11987.2,0.705
Pakistan,2014,70.2,13.5,7.9,12364.6,0.711
Pakistan,2015,70.4,13.6,8.0,12735.8,0.714
Pakistan,2016,70.5,13.7,8.0,13122.3,0.719
Pakistan,2017,70.8,13.8,8.2,13533.7,0.725
Pakistan,2018,71.1,14.0,8.3,13956.2,0.73
Pakistan,2019,71.3,14.1,8.4,14381.9,0.735
Pakistan,2020,71.5,14.2,8.4,14822.1,0.739
Pakistan,2021,71.6,14.3,8.5,15271.5,0.743
Pakistan,2022,72.0,,8.7,15755.2,0.75
Cambodia,2003,68.0,10.4,6.1,8143.4,0.623
Cambodia,2004,67.9,10.4,6.2,8249.9,0.624
Cambodia,2005,68.1,10.5,6.2,8385.5,0.628
Cambodia,2006,68.5,10.7,6.4,8534.8,0.634
Cambodia,2007,68.3,10.6,6.4,8640.1,0.634
Cambodia,2008,68.4,10.7,6.4,8765.2,0.636
Cambodia,2009,68.4,10.7,6.4,8892.0,0.637
Cambodia,2010,68.6,10.8,6.5,9032.5,0.641
Cambodia,2011,68.6,10.9,6.6,9162.4,0.643
Cambodia,2012,68.8,11.0,6.6,,0.647
Cambodia,2013,68.9,11.1,6.7,9452.0,0.65
Cambodia,2014,68.8,11.0,6.7,9572.4,0.649
Cambodia,2015,69.1,11.2,6.8,9739.1,0.655
Cambodia,2016,69.3,11.3,6.9,9897.5,0.659
Cambodia,2017,69.3,11.3,6.9,10032.4,0.66
Cambodia,2018,69.3,11.4,7.0,10181.8,0.663
Cambodia,2019,69.4,11.4,7.0,10328.8,0.664
Cambodia,2020,69.4,11.5,7.1,10480.5,0.666
Cambodia,2021,69.8,11.7,7.2,10666.3,0.673
Cambodia,2022,69.8,11.7,7.2,10817.6,0.674
Myanmar,2003,68.7,11.3,6.4,10585.5,0.653
Myanmar,2004,69.0,11.4,6.5,11003.5,0.658
Myanmar,2005,69.4,11.5,6.5,11445.9,0.664
Myanmar,2006,69.6,11.5,6.6,11883.1,0.667
Myanmar,2007,,11.5,6.6,12333.0,0.669
Myanmar,2008,69.9,11.5,6.6,12806.4,0.673
Myanmar,2009,70.1,11.5,6.6,13292.0,0.675
Myanmar,2010,70.5,11.6,6.7,13823.9,0.681
Myanmar,2011,70.8,11.7,6.7,14366.7,0.686
Myanmar,2012,71.0,11.7,6.8,14917.5,0.689
Myanmar,2013,71.3,11.8,6.8,15506.4,0.694
Myanmar,2014,71.6,11.9,6.9,16111.4,0.699
Myanmar,2015,71.9,11.9,6.9,16734.7,0.702
Myanmar,2016,72.1,11.9,6.9,17381.1,0.706
Myanmar,2017,72.4,12.0,7.0,18065.3,0.711
Myanmar,2018,72.7,12.1,7.0,18770.3,0.715
Myanmar,2019,72.8,12.1,7.0,19484.5,0.717
Myanmar,2020,73.3,12.2,7.1,20267.4,0.725
Myanmar,2021,73.5,12.2,7.1,21039.7,0.727
Myanmar,2022,73.7,12.3,7.2,21858.9,0.731
Angola,2003,58.0,9.7,4.6,3134.3,0.505
Angola,2004,58.0,,4.7,,0.509
Angola,2005,58.1,9.9,4.8,3327.6,0.513
Angola,2006,58.3,10.1,5.0,3448.9,0.52
Angola,2007,58.8,10.4,,3596.5,0.53
Angola,2008,58.6,10.4,5.2,3683.0,0.53
Angola,2009,58.5,10.4,5.3,3790.3,0.533
Angola,2010,58.9,10.7,5.4,3943.3,0.542
Angola,2011,59.1,10.9,5.6,4074.8,0.547
Angola,2012,59.2,11.0,5.7,4213.7,0.553
Angola,2013,59.3,11.1,5.8,4344.6,0.557
Angola,2014,59.4,11.3,5.9,4492.0,0.562
Angola,2015,59.7,11.5,6.0,4650.4,0.569
Angola,2016,59.5,11.5,6.1,4777.8,0.57
Angola,2017,59.6,11.6,6.2,4934.2,0.575
Angola,2018,59.7,,6.3,5096.4,0.58
Angola,2019,60.0,11.9,6.4,5273.7,0.586
Angola,2020,60.3,12.2,6.6,5465.3,0.593
Angola,2021,60.3,12.2,6.7,5636.7,0.597
Angola,2022,60.4,12.4,6.8,5822.7,0.602
Benin,2003,60.5,9.8,4.0,1535.0,0.471
Benin,2004,60.7,,,1581.0,0.476
Benin,2005,60.7,9.9,4.2,1605.3,0.477
Benin,2006,60.9,10.0,4.3,1659.8,0.482
Benin,2007,61.0,10.1,4.3,1702.1,0.486
Benin,2008,61.3,10.2,4.4,1761.6,0.492
Benin,2009,61.4,10.4,4.5,1812.8,0.497
Benin,2010,61.7,10.5,4.6,1877.3,0.503
Benin,2011,62.0,10.7,4.7,1937.9,0.508
Benin,2012,62.1,10.8,4.8,1995.6,0.513
Benin,2013,62.1,10.8,4.9,2034.6,0.515
Benin,2014,62.3,10.9,5.0,2098.5,0.52
Benin,2015,62.4,10.9,5.0,2145.8,0.522
Benin,2016,62.6,11.1,5.1,2218.5,0.528
Benin,2017,63.0,11.3,5.3,2302.0,0.535
Benin,2018,63.2,11.4,,2376.3,0.541
Benin,2019,63.1,11.4,5.4,2417.5,0.541
Benin,2020,63.3,11.6,5.5,2495.7,0.547
Benin,2021,63.6,11.7,5.6,2575.3,0.552
Benin,2022,63.8,11.8,5.7,2654.5,0.557
Burundi,2003,58.5,6.9,4.2,668.9,0.383
Burundi,2004,58.8,7.1,4.3,695.0,0.39
Burundi,2005,59.0,7.1,4.3,,0.391
Burundi,2006,59.4,7.2,4.4,734.2,0.399
Burundi,2007,59.7,,4.5,757.3,0.404
Burundi,2008,60.1,7.4,4.6,781.4,0.409
Burundi,2009,60.4,7.5,4.6,803.1,0.414
Burundi,2010,60.7,7.7,4.7,831.8,0.42
Burundi,2011,60.8,7.6,4.7,830.1,0.42
Burundi,2012,61.1,7.7,4.8,854.0,0.425
Burundi,2013,61.6,7.9,4.9,898.2,0.433
Burundi,2014,61.6,,4.9,897.2,0.433
Burundi,2015,62.1,8.1,5.1,944.8,0.442
Burundi,2016,62.3,8.1,5.1,957.2,0.444
Burundi,2017,62.8,8.3,5.2,1011.5,0.454
Burundi,2018,63.0,8.3,5.3,1025.8,0.456
Burundi,2019,63.2,8.4,5.3,1049.4,0.459
Burundi,2020,63.7,8.6,5.4,1092.9,0.467
Burundi,2021,63.7,8.5,5.4,1099.9,0.467
Burundi,2022,64.0,8.6,5.5,1132.5,0.472
Chad,2003,53.0,6.6,3.7,1373.0,0.395
Chad,2004,53.4,6.8,3.8,1440.3,0.402
Chad,2005,53.8,7.0,3.9,1515.0,0.41
Chad,2006,53.7,6.9,3.9,1543.5,0.41
Chad,2007,53.7,6.9,3.9,1588.2,0.412
Chad,2008,54.2,7.1,4.0,1673.9,0.42
Chad,2009,54.5,7.3,4.1,1753.4,0.427
Chad,2010,54.8,7.4,,1830.2,0.433
Chad,2011,54.7,7.3,4.2,1869.2,0.433
Chad,2012,55.1,7.5,4.3,1960.2,0.44
Chad,2013,55.2,7.5,4.4,2027.1,0.444
Chad,2014,55.5,,4.4,2110.3,0.449
Chad,2015,55.9,7.9,4.6,2220.5,0.458
Chad,2016,55.7,7.7,4.5,2264.9,0.456
Chad,2017,56.1,7.9,4.7,2371.8,0.464
Chad,2018,56.4,8.0,4.7,2466.7,0.469
Chad,2019,56.6,8.1,4.8,2569.3,
Chad,2020,56.7,8.1,4.9,2659.6,0.477
Chad,2021,57.0,8.2,,2765.8,0.482
Chad,2022,57.1,8.3,5.0,2867.0,0.486
Eritrea,2003,52.4,9.3,3.5,3143.4,0.459
Eritrea,2004,52.5,9.4,3.6,3268.8,0.464
Eritrea,2005,52.7,9.5,3.6,3393.5,0.468
Eritrea,2006,52.9,9.6,3.7,3532.3,0.474
Eritrea,2007,52.7,9.6,3.7,3643.3,0.475
Eritrea,2008,52.9,9.7,3.8,3790.5,0.48
Eritrea,2009,53.2,9.9,3.9,3952.0,0.487
Eritrea,2010,53.2,9.9,4.0,4090.7,0.489
Eritrea,2011,53.4,10.1,4.1,4258.5,0.495
Eritrea,2012,53.3,,4.1,4396.2,0.495
Eritrea,2013,53.9,10.4,4.3,4618.2,0.507
Eritrea,2014,53.8,10.3,4.3,4765.5,0.507
Eritrea,2015,54.0,10.5,4.4,4964.2,0.514
Eritrea,2016,54.0,10.5,4.5,5140.1,0.516
Eritrea,2017,54.2,10.6,4.6,5346.2,0.521
Eritrea,2018,54.5,10.8,4.7,5563.1,0.527
Eritrea,2019,54.6,10.9,4.7,5774.0,0.531
Eritrea,2020,54.6,10.9,4.8,5982.8,0.533
Eritrea,2021,54.7,11.0,4.8,6214.5,0.538
Eritrea,2022,54.9,11.2,5.0,6465.8,0.544
Ethiopia,2003,56.5,8.7,5.7,647.7,0.409
Ethiopia,2004,56.9,8.8,5.9,677.2,0.416
Ethiopia,2005,57.0,8.9,5.9,681.5,0.418
Ethiopia,2006,57.2,9.0,6.0,696.0,0.423
Ethiopia,2007,57.5,9.2,,722.7,0.429
Ethiopia,2008,57.9,9.3,6.3,757.2,0.437
Ethiopia,2009,58.1,9.5,6.4,778.2,0.442
Ethiopia,2010,58.3,9.6,6.4,794.5,0.446
Ethiopia,2011,58.6,9.7,6.5,817.9,0.451
Ethiopia,2012,58.8,9.8,6.6,837.6,0.456
Ethiopia,2013,58.9,9.9,6.7,848.5,0.458
Ethiopia,2014,59.3,10.1,6.8,882.2,0.465
Ethiopia,2015,59.5,10.2,6.9,909.5,0.471
Ethiopia,2016,59.8,10.3,7.0,933.3,0.476
Ethiopia,2017,60.1,10.5,7.1,962.6,0.481
Ethiopia,2018,60.2,10.6,7.2,983.4,0.485
Ethiopia,2019,60.5,10.7,7.3,1006.1,0.489
Ethiopia,2020,60.8,10.8,7.4,1040.3,0.496
Ethiopia,2021,60.9,10.9,7.5,1057.0,0.498
Ethiopia,2022,61.0,11.0,7.6,1076.9,0.502
Gambia,2003,51.9,7.9,3.9,791.7,0.377
Gambia,2004,52.0,8.1,4.0,816.3,0.383
Gambia,2005,52.1,8.2,4.1,824.8,0.385
Gambia,2006,52.2,8.3,,846.9,0.39
Gambia,2007,52.5,8.5,4.4,883.8,0.398
Gambia,2008,,8.6,4.4,889.9,0.4
Gambia,2009,52.6,8.7,4.5,909.2,0.404
Gambia,2010,52.7,8.8,4.7,933.4,0.408
Gambia,2011,52.8,9.0,4.8,953.1,0.412
Gambia,2012,52.9,9.1,,970.2,0.416
Gambia,2013,53.0,9.2,4.9,990.5,0.419
Gambia,2014,53.1,9.3,5.1,1016.6,0.424
Gambia,2015,53.4,9.5,5.2,1057.3,0.431
Gambia,2016,53.4,9.6,5.3,1067.1,0.433
Gambia,2017,53.5,9.8,5.4,1097.3,0.438
Gambia,2018,53.8,9.9,5.5,1132.0,0.444
Gambia,2019,53.8,10.0,5.6,,0.446
Gambia,2020,54.0,10.2,5.7,1185.3,0.452
Gambia,2021,53.9,10.2,5.8,1191.5,0.453
Gambia,2022,54.2,10.4,5.9,1234.2,0.459
Guinea,2003,57.7,9.8,4.5,1607.5,0.469
Guinea,2004,58.2,10.1,4.7,1690.6,0.479
Guinea,2005,58.5,10.3,4.9,1759.4,0.486
Guinea,2006,58.5,10.4,5.0,1808.1,0.49
Guinea,2007,58.6,10.5,5.1,1853.9,0.494
Guinea,2008,58.6,10.6,5.2,1904.6,0.498
Guinea,2009,58.9,10.8,5.3,1977.2,0.505
Guinea,2010,58.8,10.8,5.4,2020.8,0.507
Guinea,2011,59.1,11.1,5.5,2098.6,0.514
Guinea,2012,59.2,11.2,5.6,2164.3,0.519
Guinea,2013,59.4,11.4,5.7,2237.2,0.525
Guinea,2014,59.7,11.6,5.9,2323.6,0.532
Guinea,2015,59.6,11.6,6.0,2371.6,0.533
Guinea,2016,59.6,11.7,6.0,2436.4,0.537
Guinea,2017,59.8,11.9,6.2,2517.4,0.542
Guinea,2018,59.7,11.9,6.2,2578.5,0.545
Guinea,2019,60.0,12.1,6.4,2670.2,0.551
Guinea,2020,60.1,12.3,6.5,2756.6,0.556
Guinea,2021,60.2,12.4,6.6,2841.6,0.561
Guinea,2022,60.4,12.6,6.7,2937.2,0.567
Haiti,2003,59.1,7.6,2.5,2073.7,0.432
Haiti,2004,59.5,7.8,2.6,2127.2,0.44
Haiti,2005,59.5,7.8,2.7,2147.4,0.442
Haiti,2006,,7.9,2.8,2177.2,0.446
Haiti,2007,59.9,8.1,2.9,,0.453
Haiti,2008,60.0,8.2,3.0,2251.3,0.455
Haiti,2009,60.3,8.4,3.1,2302.9,0.462
Haiti,2010,60.3,8.4,3.2,2323.1,0.464
Haiti,2011,60.5,8.6,3.3,2365.8,0.469
Haiti,2012,60.7,8.7,3.4,,0.475
Haiti,2013,60.8,8.8,3.5,2442.3,0.478
Haiti,2014,61.0,9.0,3.6,2491.7,0.483
Haiti,2015,61.1,9.1,3.7,2523.6,0.486
Haiti,2016,61.5,9.3,3.8,2584.9,0.494
Haiti,2017,61.6,9.4,3.9,2622.3,0.498
Haiti,2018,61.4,9.4,3.9,2635.5,0.497
Haiti,2019,61.8,9.6,4.1,2696.8,0.504
Haiti,2020,61.8,9.6,4.1,,0.506
Haiti,2021,62.0,9.8,4.2,,0.512
Haiti,2022,62.2,9.9,4.3,,0.516
Lesotho,2003,59.4,9.8,5.0,1463.0,0.475
Lesotho,2004,59.6,9.9,5.0,1485.7,0.479
Lesotho,2005,59.9,10.1,5.1,1516.5,0.484
Lesotho,2006,60.2,10.2,5.2,1549.2,0.49
Lesotho,2007,60.3,10.2,5.3,1556.0,0.491
Lesotho,2008,60.4,10.3,5.4,1575.1,0.494
Lesotho,2009,60.9,10.5,5.5,1620.8,0.501
Lesotho,2010,61.0,10.6,5.6,1642.8,0.504
Lesotho,2011,61.4,10.7,5.7,1679.1,0.509
Lesotho,2012,61.7,10.9,,1712.4,0.514
Lesotho,2013,61.9,10.9,5.9,1739.5,0.518
Lesotho,2014,62.3,11.2,6.0,1789.3,0.525
Lesotho,2015,62.5,11.2,6.1,1809.4,0.528
Lesotho,2016,62.7,11.3,6.2,1841.0,0.532
Lesotho,2017,,11.5,6.3,1876.6,0.537
Lesotho,2018,63.1,11.5,6.3,1892.0,0.538
Lesotho,2019,63.6,11.7,6.4,1947.3,0.546
Lesotho,2020,63.7,11.8,6.5,1970.3,0.548
Lesotho,2021,64.1,11.9,6.6,2012.5,0.554
Lesotho,2022,64.1,11.9,6.7,2030.5,0.555
Madagascar,2003,57.8,7.6,3.0,2505.2,0.445
Madagascar,2004,57.8,7.6,3.1,2565.5,0.447
Madagascar,2005,58.0,7.8,3.2,2661.1,0.453
Madagascar,2006,58.2,,3.2,2746.7,
Madagascar,2007,58.2,7.9,3.3,2831.4,0.462
Madagascar,2008,58.4,8.0,3.4,2921.1,0.466
Madagascar,2009,58.5,8.1,3.5,3016.0,0.471
Madagascar,2010,58.8,8.3,3.6,,0.479
Madagascar,2011,,8.4,3.7,3224.6,0.481
Madagascar,2012,59.0,8.5,3.8,3336.9,0.487
Madagascar,2013,59.3,8.7,3.9,3458.1,0.493
Madagascar,2014,59.2,8.7,3.9,3549.7,0.494
Madagascar,2015,59.7,8.9,4.1,3703.6,0.504
Madagascar,2016,59.6,8.9,4.1,3795.4,0.505
Madagascar,2017,,9.1,4.3,3946.5,0.513
Madagascar,2018,60.1,9.3,4.4,4079.5,0.518
Madagascar,2019,60.3,9.4,,4221.3,0.524
Madagascar,2020,60.5,9.5,4.5,4356.6,0.528
Madagascar,2021,60.8,9.7,4.7,4523.0,0.536
Madagascar,2022,60.8,9.7,4.7,4655.6,0.538
Malawi,2003,54.5,9.2,5.2,2118.5,0.472
Malawi,2004,54.6,9.3,5.3,2200.9,0.476
Malawi,2005,54.6,9.3,,2277.9,0.478
Malawi,2006,54.7,9.3,5.3,2365.6,0.481
Malawi,2007,54.9,9.4,5.4,2465.8,0.486
Malawi,2008,55.2,9.5,5.5,2577.4,0.492
Malawi,2009,55.1,9.5,5.4,2650.4,0.491
Malawi,2010,55.2,9.5,5.5,2753.1,0.494
Malawi,2011,55.4,9.6,5.5,2878.4,0.5
Malawi,2012,55.6,9.7,5.6,2990.6,0.504
Malawi,2013,55.7,9.7,5.6,3109.7,0.507
Malawi,2014,55.8,9.8,5.7,3232.8,0.511
Malawi,2015,55.9,9.8,5.7,3355.4,0.514
Malawi,2016,56.2,10.0,5.8,3504.9,0.52
Malawi,2017,56.0,9.9,5.7,3611.5,0.519
Malawi,2018,56.2,9.9,5.8,3762.1,0.523
Malawi,2019,56.4,10.0,5.9,3917.9,0.528
Malawi,2020,56.4,10.0,5.9,4056.9,0.529
Malawi,2021,56.7,10.1,5.9,4232.1,0.535
Malawi,2022,57.0,10.3,6.0,4417.3,0.541
Mali,2003,51.6,9.8,5.8,2875.0,0.486
Mali,2004,51.8,10.0,5.9,2985.0,0.492
Mali,2005,52.0,10.1,6.0,3103.9,0.497
Mali,2006,52.2,10.3,6.1,3228.3,0.503
Mali,2007,52.5,10.5,6.3,3366.3,0.51
Mali,2008,52.6,10.5,6.4,3486.8,0.514
Mali,2009,52.9,10.7,6.5,3639.8,0.522
Mali,2010,53.2,10.9,6.7,3794.6,0.529
Mali,2011,53.3,11.0,6.7,3934.1,0.533
Mali,2012,53.5,11.2,6.8,4083.6,0.537
Mali,2013,,11.3,6.9,4236.9,0.542
Mali,2014,54.1,11.5,7.1,4434.7,0.551
Mali,2015,54.0,11.5,7.2,4583.0,0.553
Mali,2016,54.4,11.8,7.3,4786.0,0.562
Mali,2017,54.6,11.9,7.5,4974.0,0.567
Mali,2018,54.7,,7.5,5162.9,0.571
Mali,2019,55.0,12.2,7.7,5368.1,0.577
Mali,2020,55.0,12.2,7.7,5566.0,0.58
Mali,2021,55.4,12.5,7.9,5809.8,0.589
Mali,2022,55.7,12.7,8.0,6043.7,0.595
Mozambique,2003,51.5,6.9,2.5,2413.6,0.401
Mozambique,2004,51.8,7.2,2.6,2495.2,0.409
Mozambique,2005,52.1,7.4,2.8,2578.9,0.417
Mozambique,2006,52.1,7.5,2.9,2625.7,0.419
Mozambique,2007,52.2,7.6,3.0,2692.5,0.424
Mozambique,2008,52.3,7.7,3.1,2761.4,0.429
Mozambique,2009,52.4,7.9,3.2,2835.6,0.435
Mozambique,2010,52.7,8.1,3.4,2925.4,0.443
Mozambique,2011,52.5,8.1,3.4,2965.9,0.442
Mozambique,2012,53.0,8.4,3.6,3081.6,0.453
Mozambique,2013,52.8,8.4,3.7,3132.3,0.454
Mozambique,2014,53.1,8.6,3.8,3226.3,0.46
Mozambique,2015,53.2,,3.9,3309.2,0.465
Mozambique,2016,53.4,8.9,4.1,3406.2,0.472
Mozambique,2017,53.3,9.0,4.1,3473.4,0.474
Mozambique,2018,53.6,9.2,4.3,3585.4,0.482
Mozambique,2019,53.9,9.4,4.4,3694.8,0.489
Mozambique,2020,53.7,9.4,4.5,3757.2,0.489
Mozambique,2021,54.0,9.6,,3871.5,0.496
Mozambique,2022,54.0,9.8,4.7,3964.3,0.5
Niger,2003,61.8,7.2,5.3,3232.1,0.502
Niger,2004,62.0,7.2,5.3,3345.2,0.506
Niger,2005,62.3,7.3,5.4,3477.6,0.512
Niger,2006,62.8,7.5,5.5,3630.1,0.52
Niger,2007,63.1,7.6,5.6,3775.5,0.526
Niger,2008,63.4,7.7,5.7,3918.5,
Niger,2009,63.6,7.8,5.8,4059.9,0.535
Niger,2010,63.7,7.8,5.8,4202.1,0.538
Niger,2011,64.1,8.0,5.9,4376.7,0.546
Niger,2012,64.6,8.2,6.0,4561.3,0.553
Niger,2013,64.8,8.2,6.1,4727.3,0.557
Niger,2014,65.0,8.3,,4901.2,0.562
Niger,2015,65.4,8.4,6.3,5098.8,0.568
Niger,2016,65.5,8.4,6.3,5276.4,0.571
Niger,2017,65.8,8.6,6.4,5486.2,0.577
Niger,2018,66.1,8.6,6.5,5694.4,0.582
Niger,2019,66.5,8.8,6.6,5930.1,0.59
Niger,2020,66.8,8.9,6.7,6161.2,0.596
Niger,2021,67.0,9.0,6.7,6390.0,0.6
Niger,2022,67.3,9.1,6.8,6629.5,0.604
Rwanda,2003,51.3,8.2,4.8,937.2,0.398
Rwanda,2004,51.6,8.4,5.0,977.8,0.406
Rwanda,2005,51.8,8.5,5.1,1000.3,0.411
Rwanda,2006,51.8,8.6,5.1,1002.0,0.412
Rwanda,2007,51.9,8.7,5.2,1011.7,0.414
Rwanda,2008,52.3,8.9,5.4,1063.3,0.424
Rwanda,2009,52.3,9.0,5.5,1069.8,0.426
Rwanda,2010,52.7,9.2,5.6,1108.5,0.433
Rwanda,2011,52.6,9.2,5.7,1105.4,0.433
Rwanda,2012,53.0,9.5,5.9,1159.0,0.442
Rwanda,2013,53.0,9.5,5.9,1163.5,0.443
Rwanda,2014,53.4,9.8,6.1,1209.1,0.451
Rwanda,2015,53.5,9.9,6.2,1228.6,0.454
Rwanda,2016,53.6,10.0,6.3,1246.2,0.457
Rwanda,2017,53.8,10.2,6.4,1279.6,0.463
Rwanda,2018,54.1,10.3,6.5,1319.0,0.469
Rwanda,2019,54.2,10.5,6.6,1342.4,0.473
Rwanda,2020,54.4,10.6,6.8,1377.0,0.478
Rwanda,2021,54.8,10.8,6.9,1421.4,0.485
Rwanda,2022,54.6,10.8,6.9,1417.1,0.484
Senegal,2003,56.8,9.2,3.5,1638.0,0.447
Senegal,2004,56.9,9.3,3.6,1680.4,0.45
Senegal,2005,57.2,9.4,3.7,1743.8,0.457
Senegal,2006,57.2,9.4,3.7,1778.0,0.458
Senegal,2007,57.9,9.7,3.9,1884.5,0.47
Senegal,2008,58.0,9.8,4.0,1937.4,0.473
Senegal,2009,58.4,10.0,4.1,2018.0,0.481
Senegal,2010,58.6,10.1,4.2,2088.8,0.486
Senegal,2011,59.0,10.3,4.4,2173.8,0.493
Senegal,2012,59.3,10.4,4.5,2263.3,0.501
Senegal,2013,59.6,,4.6,2343.3,0.506
Senegal,2014,59.9,10.7,4.7,2437.8,0.513
Senegal,2015,60.3,10.9,4.9,2534.2,0.52
Senegal,2016,60.4,10.9,4.9,2612.0,0.524
Senegal,2017,60.7,11.1,5.0,2708.6,0.529
Senegal,2018,61.1,11.3,5.2,2824.3,0.538
Senegal,2019,61.4,11.4,5.3,2930.3,0.544
Senegal,2020,61.7,11.6,5.4,3036.4,0.549
Senegal,2021,,11.6,5.5,3132.6,0.553
Senegal,2022,62.2,11.8,5.6,3263.7,0.561
Sierra Leone,2003,60.6,8.4,3.5,1826.4,0.457
Sierra Leone,2004,60.8,8.5,3.6,1862.7,0.462
Sierra Leone,2005,60.8,8.6,3.7,1881.2,0.465
Sierra Leone,2006,60.9,8.7,3.8,1911.4,0.469
Sierra Leone,2007,61.2,8.9,3.9,,0.476
Sierra Leone,2008,61.1,9.0,4.0,1972.5,0.477
Sierra Leone,2009,61.5,9.2,4.1,2022.3,0.484
Sierra Leone,2010,61.6,9.3,4.2,2052.4,0.488
Sierra Leone,2011,61.5,9.3,4.3,2063.1,0.489
Sierra Leone,2012,61.7,9.5,4.4,2106.8,0.495
Sierra Leone,2013,62.0,9.7,4.5,2159.2,0.502
Sierra Leone,2014,61.9,9.7,4.6,2171.6,0.502
Sierra Leone,2015,62.1,9.9,4.7,,0.507
Sierra Leone,2016,62.3,10.1,4.8,2256.2,0.513
Sierra Leone,2017,62.5,10.2,4.9,2295.3,0.517
Sierra Leone,2018,62.5,10.3,5.0,2321.4,0.52
Sierra Leone,2019,62.6,10.4,5.1,2355.0,0.523
Sierra Leone,2020,62.9,10.6,5.2,2412.8,0.53
Sierra Leone,2021,63.1,10.8,,2454.2,0.535
Sierra Leone,2022,63.1,10.8,5.4,2485.4,0.538
Sudan,2003,51.7,8.3,4.9,1069.3,0.41
Sudan,2004,52.2,8.6,5.1,1130.6,0.42
Sudan,2005,52.4,8.7,5.2,1171.1,0.426
Sudan,2006,52.6,8.9,5.4,1209.6,0.431
Sudan,2007,52.7,9.0,5.4,1243.3,0.436
Sudan,2008,52.9,9.1,5.5,1276.3,0.44
Sudan,2009,52.9,9.2,5.6,1307.2,0.443
Sudan,2010,53.4,9.4,5.8,1377.8,0.453
Sudan,2011,53.7,9.6,5.9,1434.5,0.46
Sudan,2012,53.9,9.8,6.1,1482.8,0.465
Sudan,2013,54.1,9.9,6.2,1531.8,0.47
Sudan,2014,54.2,10.0,6.3,1575.5,0.474
Sudan,2015,54.6,,6.4,1641.6,0.482
Sudan,2016,54.8,10.3,6.5,1696.2,0.487
Sudan,2017,54.9,10.4,6.6,1741.0,0.49
Sudan,2018,55.2,10.6,6.7,1812.2,0.497
Sudan,2019,55.3,10.7,6.8,1862.4,0.501
Sudan,2020,55.6,10.9,7.0,1937.6,0.508
Sudan,2021,55.6,11.0,7.0,1985.9,0.511
Sudan,2022,55.9,11.1,7.2,2055.7,0.517
Togo,2003,61.7,9.4,4.9,2697.5,0.514
Togo,2004,62.0,9.6,5.0,2783.3,0.52
Togo,2005,62.4,9.7,5.1,2875.1,0.527
Togo,2006,62.7,9.8,5.2,2959.9,0.532
Togo,2007,62.9,9.9,5.3,3034.3,0.535
Togo,2008,63.2,10.0,5.4,3124.7,0.54
Togo,2009,63.3,10.0,5.4,3201.0,0.543
Togo,2010,63.8,10.2,5.5,3306.1,0.549
Togo,2011,64.2,10.3,5.6,3414.7,0.556
Togo,2012,64.4,10.4,5.7,3510.5,0.56
Togo,2013,64.7,10.5,5.8,3611.6,0.565
Togo,2014,65.0,10.6,5.8,3711.9,0.569
Togo,2015,65.2,10.7,5.9,3819.3,0.574
Togo,2016,65.5,10.8,6.0,,0.578
Togo,2017,65.9,10.9,6.1,4051.3,0.585
Togo,2018,66.1,11.0,6.2,4166.0,0.589
Togo,2019,66.4,11.1,6.2,,0.594
Togo,2020,66.6,11.2,6.3,4401.9,0.597
Togo,2021,66.8,11.2,6.3,4513.6,0.6
Togo,2022,67.4,11.4,6.5,4677.9,0.609
Uganda,2003,52.4,9.5,3.0,1491.9,0.42
Uganda,2004,52.8,9.7,3.2,1539.4,0.427
Uganda,2005,53.1,9.8,3.3,1576.9,0.433
Uganda,2006,53.5,10.0,3.4,1620.0,0.439
Uganda,2007,53.6,10.0,3.4,1637.0,0.44
Uganda,2008,53.8,10.1,3.5,1666.3,0.444
Uganda,2009,54.0,10.2,3.6,1699.9,0.448
Uganda,2010,54.3,10.3,3.7,1736.9,0.453
Uganda,2011,54.8,10.5,3.8,1799.3,0.461
Uganda,2012,54.8,10.5,3.9,1811.4,0.462
Uganda,2013,55.3,10.8,4.0,1879.4,0.471
Uganda,2014,55.4,10.8,4.1,1900.1,0.472
Uganda,2015,55.7,10.9,4.2,1944.4,0.477
Uganda,2016,56.0,11.0,4.3,1993.2,0.483
Uganda,2017,56.2,11.1,4.3,2032.0,0.486
Uganda,2018,56.7,,4.5,2093.8,
Uganda,2019,,11.5,4.6,2148.9,0.5
Uganda,2020,57.0,11.5,4.6,2171.7,0.501
Uganda,2021,57.3,11.6,4.7,2222.4,0.506
Uganda,2022,57.6,11.7,4.8,2274.6,0.511
Yemen,2003,55.1,9.8,4.7,2543.2,0.484
Yemen,2004,55.3,9.9,4.8,2628.4,0.489
Yemen,2005,55.3,9.9,4.9,2697.0,0.491
Yemen,2006,55.4,10.0,4.9,2780.5,0.495
Yemen,2007,55.7,10.2,5.0,2879.4,0.501
Yemen,2008,55.8,10.3,5.1,2964.1,0.505
Yemen,2009,56.0,10.4,5.2,3056.3,0.509
Yemen,2010,56.0,10.4,5.2,,0.512
Yemen,2011,56.2,10.5,5.3,3244.8,0.516
Yemen,2012,56.3,10.6,5.4,3337.9,0.519
Yemen,2013,56.6,10.8,5.5,3459.2,0.526
Yemen,2014,56.8,10.9,5.6,3566.9,0.53
Yemen,2015,56.6,10.8,5.6,3647.7,0.53
Yemen,2016,56.8,11.0,5.7,3769.8,0.535
Yemen,2017,56.9,11.0,5.7,3880.5,0.538
Yemen,2018,57.1,11.2,5.8,4009.0,0.544
Yemen,2019,57.3,11.3,5.9,4138.4,0.548
Yemen,2020,57.3,11.3,6.0,4252.2,0.55
Yemen,2021,57.5,11.4,6.0,4388.9,0.555
Yemen,2022,57.7,11.5,6.1,4523.6,0.559
Zambia,2003,58.2,9.9,4.6,825.2,0.432
Zambia,2004,58.4,9.9,4.7,829.0,0.433
Zambia,2005,59.0,10.1,,866.3,0.442
Zambia,2006,59.2,10.2,4.8,878.1,0.445
Zambia,2007,59.5,10.3,4.9,892.2,0.448
Zambia,2008,59.8,10.3,5.0,905.3,0.452
Zambia,2009,59.8,10.3,5.0,894.5,0.45
Zambia,2010,60.3,10.5,5.1,934.9,0.459
Zambia,2011,60.6,10.6,5.1,947.8,0.462
Zambia,2012,60.7,10.5,5.1,941.8,0.462
Zambia,2013,61.1,10.7,,971.2,0.468
Zambia,2014,61.4,10.8,5.3,992.5,0.472
Zambia,2015,61.9,10.9,5.4,1023.1,0.479
Zambia,2016,62.1,11.0,5.5,,0.481
Zambia,2017,62.2,11.0,5.5,1032.1,0.481
Zambia,2018,62.7,11.2,5.6,1075.3,0.49
Zambia,2019,62.9,11.2,5.6,1076.7,0.49
Zambia,2020,63.1,11.2,5.7,1091.9,0.494
Zambia,2021,63.4,11.3,5.8,1109.6,0.497
Zambia,2022,63.6,11.3,5.8,1115.5,0.499
Zimbabwe,2003,61.5,7.9,5.4,1146.5,0.455
Zimbabwe,2004,61.8,7.9,5.5,1181.5,0.459
Zimbabwe,2005,62.1,8.0,,1223.1,0.464
Zimbabwe,2006,62.4,8.1,5.6,1256.0,0.467
Zimbabwe,2007,62.7,8.1,5.6,1298.5,0.472
Zimbabwe,2008,63.1,8.2,5.7,,0.478
Zimbabwe,2009,63.3,8.2,5.7,1379.4,0.48
Zimbabwe,2010,63.4,,5.7,1411.8,0.482
Zimbabwe,2011,64.1,8.5,5.9,1490.8,0.492
Zimbabwe,2012,64.3,8.5,5.9,1533.9,0.496
Zimbabwe,2013,64.4,8.4,5.9,1555.6,0.496
Zimbabwe,2014,64.9,,,1625.3,0.503
Zimbabwe,2015,65.0,8.6,6.0,1664.8,0.505
Zimbabwe,2016,65.4,8.7,6.1,1725.6,0.511
Zimbabwe,2017,65.7,8.8,6.1,1780.7,0.515
Zimbabwe,2018,65.9,8.8,6.2,1832.0,0.519
Zimbabwe,2019,66.2,8.8,6.2,1884.9,0.522
Zimbabwe,2020,66.5,8.9,6.2,1946.0,0.526
Zimbabwe,2021,66.8,8.9,6.3,2005.9,0.53
Zimbabwe,2022,67.1,9.0,6.3,2070.8,0.535
